openDate,うるま市,三重県,中部保健所管内,京都府,八重山保健所管内,兵庫県,北海道,北部保健所管内,千葉県,南城市,南部保健所管内,名護市,和歌山県,埼玉県,大阪府,奈良県,宜野湾市,宮古保健所管内,宮古島市,宮城県,宮崎県,山口県,山梨県,岐阜県,岡山県,島根県,広島県,愛知県,東京都,栃木県,沖縄市,浦添市,滋賀県,熊本県,石垣市,確認中,神奈川県,福岡県,福島県,秋田県,糸満市,群馬県,茨城県,豊見城市,那覇市,長崎県,非公表,香川県,高知県,鹿児島県,沖縄本島,宮古諸島,八重山諸島,全体
2020-02-14,0,0,0,0,0,0,0,0,0,0,1,0,0,0,0,0,0,0,0,0,0,0,0,0,0,0,0,0,0,0,0,0,0,0,0,0,0,0,0,0,0,0,0,0,0,0,0,0,0,0,1,0,0,1
2020-02-15,0,0,0,0,0,0,0,0,0,0,1,0,0,0,0,0,0,0,0,0,0,0,0,0,0,0,0,0,0,0,0,0,0,0,0,0,0,0,0,0,0,0,0,0,0,0,0,0,0,0,1,0,0,1
2020-02-16,0,0,0,0,0,0,0,0,0,0,1,0,0,0,0,0,0,0,0,0,0,0,0,0,0,0,0,0,0,0,0,0,0,0,0,0,0,0,0,0,0,0,0,0,0,0,0,0,0,0,1,0,0,1
2020-02-17,0,0,0,0,0,0,0,0,0,0,1,0,0,0,0,0,0,0,0,0,0,0,0,0,0,0,0,0,0,0,0,0,0,0,0,0,0,0,0,0,0,0,0,0,0,0,0,0,0,0,1,0,0,1
2020-02-18,0,0,0,0,0,0,0,0,0,0,1,0,0,0,0,0,0,0,0,0,0,0,0,0,0,0,0,0,0,0,0,0,0,0,0,0,0,0,0,0,0,0,0,0,0,0,0,0,0,0,1,0,0,1
2020-02-19,0,0,0,0,0,0,0,0,0,0,1,0,0,0,0,0,0,0,0,0,0,0,0,0,0,0,0,0,0,0,0,0,0,0,0,0,0,0,0,0,0,0,0,0,1,0,0,0,0,0,2,0,0,2
2020-02-20,0,0,0,0,0,0,0,0,0,0,1,0,0,0,0,0,0,0,0,0,0,0,0,0,0,0,0,0,0,0,0,0,0,0,0,0,0,0,0,0,0,0,0,1,1,0,0,0,0,0,3,0,0,3
2020-02-21,0,0,0,0,0,0,0,0,0,0,1,0,0,0,0,0,0,0,0,0,0,0,0,0,0,0,0,0,0,0,0,0,0,0,0,0,0,0,0,0,0,0,0,1,1,0,0,0,0,0,3,0,0,3
2020-02-22,0,0,0,0,0,0,0,0,0,0,1,0,0,0,0,0,0,0,0,0,0,0,0,0,0,0,0,0,0,0,0,0,0,0,0,0,0,0,0,0,0,0,0,1,1,0,0,0,0,0,3,0,0,3
2020-02-23,0,0,0,0,0,0,0,0,0,0,1,0,0,0,0,0,0,0,0,0,0,0,0,0,0,0,0,0,0,0,0,0,0,0,0,0,0,0,0,0,0,0,0,1,1,0,0,0,0,0,3,0,0,3
2020-02-24,0,0,0,0,0,0,0,0,0,0,1,0,0,0,0,0,0,0,0,0,0,0,0,0,0,0,0,0,0,0,0,0,0,0,0,0,0,0,0,0,0,0,0,1,1,0,0,0,0,0,3,0,0,3
2020-02-25,0,0,0,0,0,0,0,0,0,0,1,0,0,0,0,0,0,0,0,0,0,0,0,0,0,0,0,0,0,0,0,0,0,0,0,0,0,0,0,0,0,0,0,1,1,0,0,0,0,0,3,0,0,3
2020-02-26,0,0,0,0,0,0,0,0,0,0,1,0,0,0,0,0,0,0,0,0,0,0,0,0,0,0,0,0,0,0,0,0,0,0,0,0,0,0,0,0,0,0,0,1,1,0,0,0,0,0,3,0,0,3
2020-02-27,0,0,0,0,0,0,0,0,0,0,1,0,0,0,0,0,0,0,0,0,0,0,0,0,0,0,0,0,0,0,0,0,0,0,0,0,0,0,0,0,0,0,0,1,1,0,0,0,0,0,3,0,0,3
2020-02-28,0,0,0,0,0,0,0,0,0,0,1,0,0,0,0,0,0,0,0,0,0,0,0,0,0,0,0,0,0,0,0,0,0,0,0,0,0,0,0,0,0,0,0,1,1,0,0,0,0,0,3,0,0,3
2020-02-29,0,0,0,0,0,0,0,0,0,0,1,0,0,0,0,0,0,0,0,0,0,0,0,0,0,0,0,0,0,0,0,0,0,0,0,0,0,0,0,0,0,0,0,1,1,0,0,0,0,0,3,0,0,3
2020-03-01,0,0,0,0,0,0,0,0,0,0,1,0,0,0,0,0,0,0,0,0,0,0,0,0,0,0,0,0,0,0,0,0,0,0,0,0,0,0,0,0,0,0,0,1,1,0,0,0,0,0,3,0,0,3
2020-03-02,0,0,0,0,0,0,0,0,0,0,1,0,0,0,0,0,0,0,0,0,0,0,0,0,0,0,0,0,0,0,0,0,0,0,0,0,0,0,0,0,0,0,0,1,1,0,0,0,0,0,3,0,0,3
2020-03-03,0,0,0,0,0,0,0,0,0,0,1,0,0,0,0,0,0,0,0,0,0,0,0,0,0,0,0,0,0,0,0,0,0,0,0,0,0,0,0,0,0,0,0,1,1,0,0,0,0,0,3,0,0,3
2020-03-04,0,0,0,0,0,0,0,0,0,0,1,0,0,0,0,0,0,0,0,0,0,0,0,0,0,0,0,0,0,0,0,0,0,0,0,0,0,0,0,0,0,0,0,1,1,0,0,0,0,0,3,0,0,3
2020-03-05,0,0,0,0,0,0,0,0,0,0,1,0,0,0,0,0,0,0,0,0,0,0,0,0,0,0,0,0,0,0,0,0,0,0,0,0,0,0,0,0,0,0,0,1,1,0,0,0,0,0,3,0,0,3
2020-03-06,0,0,0,0,0,0,0,0,0,0,1,0,0,0,0,0,0,0,0,0,0,0,0,0,0,0,0,0,0,0,0,0,0,0,0,0,0,0,0,0,0,0,0,1,1,0,0,0,0,0,3,0,0,3
2020-03-07,0,0,0,0,0,0,0,0,0,0,1,0,0,0,0,0,0,0,0,0,0,0,0,0,0,0,0,0,0,0,0,0,0,0,0,0,0,0,0,0,0,0,0,1,1,0,0,0,0,0,3,0,0,3
2020-03-08,0,0,0,0,0,0,0,0,0,0,1,0,0,0,0,0,0,0,0,0,0,0,0,0,0,0,0,0,0,0,0,0,0,0,0,0,0,0,0,0,0,0,0,1,1,0,0,0,0,0,3,0,0,3
2020-03-09,0,0,0,0,0,0,0,0,0,0,1,0,0,0,0,0,0,0,0,0,0,0,0,0,0,0,0,0,0,0,0,0,0,0,0,0,0,0,0,0,0,0,0,1,1,0,0,0,0,0,3,0,0,3
2020-03-10,0,0,0,0,0,0,0,0,0,0,1,0,0,0,0,0,0,0,0,0,0,0,0,0,0,0,0,0,0,0,0,0,0,0,0,0,0,0,0,0,0,0,0,1,1,0,0,0,0,0,3,0,0,3
2020-03-11,0,0,0,0,0,0,0,0,0,0,1,0,0,0,0,0,0,0,0,0,0,0,0,0,0,0,0,0,0,0,0,0,0,0,0,0,0,0,0,0,0,0,0,1,1,0,0,0,0,0,3,0,0,3
2020-03-12,0,0,0,0,0,0,0,0,0,0,1,0,0,0,0,0,0,0,0,0,0,0,0,0,0,0,0,0,0,0,0,0,0,0,0,0,0,0,0,0,0,0,0,1,1,0,0,0,0,0,3,0,0,3
2020-03-13,0,0,0,0,0,0,0,0,0,0,1,0,0,0,0,0,0,0,0,0,0,0,0,0,0,0,0,0,0,0,0,0,0,0,0,0,0,0,0,0,0,0,0,1,1,0,0,0,0,0,3,0,0,3
2020-03-14,0,0,0,0,0,0,0,0,0,0,1,0,0,0,0,0,0,0,0,0,0,0,0,0,0,0,0,0,0,0,0,0,0,0,0,0,0,0,0,0,0,0,0,1,1,0,0,0,0,0,3,0,0,3
2020-03-15,0,0,0,0,0,0,0,0,0,0,1,0,0,0,0,0,0,0,0,0,0,0,0,0,0,0,0,0,0,0,0,0,0,0,0,0,0,0,0,0,0,0,0,1,1,0,0,0,0,0,3,0,0,3
2020-03-16,0,0,0,0,0,0,0,0,0,0,1,0,0,0,0,0,0,0,0,0,0,0,0,0,0,0,0,0,0,0,0,0,0,0,0,0,0,0,0,0,0,0,0,1,1,0,0,0,0,0,3,0,0,3
2020-03-17,0,0,0,0,0,0,0,0,0,0,1,0,0,0,0,0,0,0,0,0,0,0,0,0,0,0,0,0,0,0,0,0,0,0,0,0,0,0,0,0,0,0,0,1,1,0,0,0,0,0,3,0,0,3
2020-03-18,0,0,0,0,0,0,0,0,0,0,1,0,0,0,0,0,0,0,0,0,0,0,0,0,0,0,0,0,0,0,0,0,0,0,0,0,0,0,0,0,0,0,0,1,1,0,0,0,0,0,3,0,0,3
2020-03-19,0,0,0,0,0,0,0,0,0,0,1,0,0,0,0,0,0,0,0,0,0,0,0,0,0,0,0,0,0,0,0,0,0,0,0,0,0,0,0,0,0,0,0,1,1,0,0,0,0,0,3,0,0,3
2020-03-20,0,0,0,0,0,0,0,0,0,0,1,0,0,0,0,0,0,0,0,0,0,0,0,0,0,0,0,0,0,0,0,0,0,0,0,0,0,0,0,0,0,0,0,1,1,0,0,0,0,0,3,0,0,3
2020-03-21,0,0,0,0,0,0,0,0,0,0,1,0,0,0,0,0,0,0,0,0,0,0,0,0,0,0,0,0,0,0,0,0,0,0,0,0,0,0,0,0,0,0,0,1,1,0,0,0,0,0,3,0,0,3
2020-03-22,0,0,0,0,0,0,0,0,0,0,1,0,0,0,0,0,0,0,0,0,0,0,0,0,0,0,0,0,0,0,0,0,0,0,0,0,0,0,0,0,0,0,0,1,1,0,0,0,0,0,3,0,0,3
2020-03-23,0,0,0,0,0,0,0,0,0,0,2,0,0,0,0,0,0,0,0,0,0,0,0,0,0,0,0,0,0,0,0,0,0,0,0,0,0,0,0,0,0,0,0,1,1,0,0,0,0,0,4,0,0,4
2020-03-24,0,0,0,0,0,0,0,0,0,0,2,0,0,0,0,0,0,0,0,0,0,0,0,0,0,0,0,0,1,0,0,0,0,0,0,0,0,0,0,0,0,0,0,1,1,0,0,0,0,0,4,0,0,5
2020-03-25,0,0,0,0,0,0,0,0,0,0,2,0,0,0,0,0,0,0,0,0,0,0,0,0,0,0,0,0,1,0,0,0,0,0,0,0,0,0,0,0,0,0,0,1,1,0,0,0,0,0,4,0,0,5
2020-03-26,0,0,0,0,0,0,0,0,0,0,2,0,0,0,0,0,0,0,0,0,0,0,0,0,0,0,0,0,1,0,0,0,0,0,0,0,0,0,0,0,0,0,0,1,2,0,0,0,0,0,5,0,0,6
2020-03-27,0,0,0,0,0,0,0,0,0,0,2,0,0,0,0,0,0,0,0,0,0,0,0,0,0,0,0,0,1,0,0,0,0,0,0,0,0,0,0,0,0,0,0,1,2,0,0,0,0,0,5,0,0,6
2020-03-28,0,0,0,0,0,0,0,0,0,0,2,0,0,0,0,0,0,0,0,0,0,0,0,0,0,0,0,0,1,0,0,0,0,0,0,0,0,0,0,0,0,0,0,1,4,0,0,0,0,0,7,0,0,8
2020-03-29,0,0,0,0,0,0,0,0,0,0,2,0,0,0,0,0,0,0,0,0,0,0,0,0,0,0,0,0,1,0,0,0,0,0,0,0,0,0,0,0,0,0,0,1,4,0,0,0,0,0,7,0,0,8
2020-03-30,0,0,0,0,0,0,0,0,0,0,2,0,0,0,0,0,0,0,0,0,0,0,0,0,0,0,0,0,1,0,0,0,0,0,0,0,0,0,0,0,0,0,0,1,5,0,0,0,0,0,8,0,0,9
2020-03-31,0,0,0,0,0,0,0,0,0,0,2,0,0,0,0,0,0,0,0,0,0,0,0,0,0,0,0,0,1,0,0,0,0,0,0,0,0,0,0,0,0,0,0,1,5,0,0,0,0,0,8,0,0,9
2020-04-01,0,0,0,0,0,0,0,0,0,0,2,0,0,0,0,0,0,0,0,0,0,0,0,0,0,0,0,0,1,0,0,0,0,0,0,0,0,0,0,0,0,0,0,1,5,0,0,0,0,0,8,0,0,9
2020-04-02,0,0,0,0,0,0,0,0,0,0,2,0,0,0,0,0,0,0,0,0,0,0,0,0,0,0,0,0,1,0,0,0,0,0,0,0,0,0,0,0,0,0,0,1,5,0,0,0,0,0,8,0,0,9
2020-04-03,0,0,1,0,0,0,0,0,0,0,2,0,0,0,0,0,0,0,0,0,0,0,0,0,0,0,0,0,2,0,0,0,0,0,0,0,0,0,0,0,0,0,0,1,5,0,0,0,0,0,9,0,0,11
2020-04-04,0,0,2,0,0,0,0,0,0,0,3,0,0,0,0,0,1,0,0,0,0,0,0,0,0,0,0,0,2,0,0,0,0,0,0,0,0,0,0,0,0,0,0,1,7,0,0,0,0,0,14,0,0,16
2020-04-05,0,0,2,0,0,0,0,0,0,0,3,0,0,0,0,0,1,0,0,0,0,0,0,0,0,0,0,0,2,0,0,0,0,0,0,0,0,0,0,0,0,0,0,1,7,0,0,0,0,0,14,0,0,16
2020-04-06,0,0,2,0,0,0,0,0,0,0,5,0,0,0,0,0,1,0,0,0,0,0,0,0,0,0,0,0,2,0,0,1,0,0,0,0,0,0,0,0,0,0,0,1,10,0,0,0,0,0,20,0,0,22
2020-04-07,0,0,3,0,0,0,0,0,0,1,6,0,0,0,0,0,2,0,0,0,0,0,0,0,0,0,0,0,3,0,0,2,0,0,0,0,0,0,0,0,0,0,0,1,15,0,0,0,0,0,30,0,0,33
2020-04-08,0,0,4,0,0,0,0,0,0,1,6,0,0,0,0,0,2,0,0,0,0,0,0,0,0,0,0,0,3,0,2,2,0,0,0,0,0,0,0,0,0,0,0,2,16,0,0,0,0,0,35,0,0,38
2020-04-09,0,0,4,0,0,0,0,0,0,1,7,0,0,0,0,0,2,0,0,0,0,0,0,0,0,0,0,0,3,0,2,3,0,0,0,0,0,0,0,0,0,0,0,2,17,0,0,0,0,0,38,0,0,41
2020-04-10,0,0,7,0,0,0,0,0,0,1,7,0,0,0,0,0,2,0,0,0,0,0,0,0,0,0,0,0,3,0,2,3,0,0,0,0,0,0,0,0,0,0,0,2,21,0,0,0,0,0,45,0,0,48
2020-04-11,1,0,7,0,0,0,0,0,0,2,7,0,0,0,0,0,2,0,0,0,0,0,0,0,0,0,0,0,4,0,4,3,0,0,0,0,0,0,0,0,1,0,0,3,22,0,0,0,0,0,52,0,0,56
2020-04-12,1,0,11,0,0,0,0,0,0,2,7,1,0,0,0,0,2,0,0,0,0,0,0,0,0,0,0,0,4,0,4,3,0,0,0,0,0,0,0,0,1,0,0,3,26,0,0,0,0,0,61,0,0,65
2020-04-13,1,0,11,0,0,0,0,0,0,2,7,1,0,0,0,0,3,0,0,0,0,0,0,0,0,0,0,0,4,0,4,4,0,0,2,0,0,0,0,0,1,0,0,3,29,0,0,0,0,0,66,0,2,72
2020-04-14,1,0,12,0,0,0,0,0,0,2,7,1,0,0,0,0,3,0,0,0,0,0,0,0,0,0,0,0,4,0,4,4,0,0,2,0,0,0,0,0,1,0,0,3,32,0,0,0,0,0,70,0,2,76
2020-04-15,1,0,12,0,0,0,0,0,0,2,8,1,0,0,0,0,3,0,0,0,0,0,0,0,0,0,0,0,4,0,6,5,0,0,2,0,0,0,0,0,1,0,0,3,38,0,0,0,0,0,80,0,2,86
2020-04-16,1,0,13,0,0,0,0,0,0,2,8,2,0,0,0,0,3,0,0,0,0,0,0,0,0,0,0,0,4,0,6,5,0,0,3,0,0,0,0,0,1,0,0,4,42,0,0,0,0,0,87,0,3,94
2020-04-17,2,0,13,0,0,0,0,0,0,2,8,2,0,0,0,0,4,0,0,0,0,0,0,0,0,0,0,0,4,0,7,5,0,0,3,0,0,0,0,0,1,0,0,5,45,0,0,0,0,0,94,0,3,101
2020-04-18,2,0,14,0,0,0,0,0,0,2,9,2,0,0,0,0,4,0,0,0,0,0,0,0,0,0,0,0,4,0,9,6,0,0,3,0,0,0,0,0,1,0,0,5,49,0,0,0,0,0,103,0,3,110
2020-04-19,2,0,15,0,0,0,0,0,0,2,9,2,0,0,0,0,4,0,0,0,0,0,0,0,0,0,0,0,4,0,9,6,0,0,3,0,0,0,0,0,1,0,0,5,53,0,0,0,0,0,108,0,3,115
2020-04-20,2,0,17,0,0,0,0,0,0,2,10,2,0,0,0,0,4,0,0,0,0,0,0,0,0,0,0,0,4,0,9,7,0,0,3,0,0,0,0,0,1,0,0,5,55,0,0,0,0,0,114,0,3,121
2020-04-21,2,0,17,0,0,0,0,0,0,2,11,2,0,0,0,0,4,0,0,0,0,0,0,0,0,0,0,0,4,0,12,7,0,0,3,0,0,0,0,0,1,0,0,5,55,0,0,0,0,0,118,0,3,125
2020-04-22,2,0,17,0,0,0,0,0,0,2,12,2,0,0,0,0,4,0,0,0,0,0,0,0,0,0,0,0,4,0,14,7,0,0,3,0,0,0,0,0,1,0,0,5,57,0,0,0,0,0,123,0,3,130
2020-04-23,2,0,17,0,0,0,0,0,0,2,12,2,0,0,0,0,5,0,0,0,0,0,0,0,0,0,0,0,4,0,14,7,0,0,3,0,0,0,0,0,1,0,0,5,58,0,0,0,0,0,125,0,3,132
2020-04-24,3,0,17,0,0,0,0,0,0,2,12,2,0,0,0,0,5,0,0,0,0,0,0,0,0,0,0,0,4,0,14,7,0,0,3,0,0,0,0,0,1,0,0,5,58,0,0,0,0,0,126,0,3,133
2020-04-25,3,0,17,0,0,0,0,0,0,2,12,2,0,0,0,0,5,0,0,0,0,0,0,0,0,0,0,0,4,0,14,7,0,0,3,0,0,0,0,0,1,0,0,5,59,0,0,0,0,0,127,0,3,134
2020-04-26,3,0,17,0,0,0,0,0,0,2,12,2,0,0,0,0,5,0,0,0,0,0,0,0,0,0,0,0,4,0,15,7,0,0,3,0,0,0,0,0,1,0,0,5,61,0,0,0,0,0,130,0,3,137
2020-04-27,3,0,17,0,0,0,0,0,0,2,12,2,0,0,0,0,5,0,0,0,0,0,0,0,0,0,0,0,4,0,15,7,0,0,3,0,0,0,0,0,1,0,0,5,61,0,0,0,0,0,130,0,3,137
2020-04-28,3,0,17,0,0,0,0,0,0,2,13,2,0,0,0,0,5,0,0,0,0,0,0,0,0,0,0,0,4,0,16,7,0,0,4,0,0,0,0,0,1,0,0,5,62,0,0,0,0,0,133,0,4,141
2020-04-29,3,0,17,0,0,0,0,0,0,2,13,2,0,0,0,0,5,0,0,0,0,0,0,0,0,0,0,0,4,0,16,7,0,0,4,0,0,0,0,0,1,0,0,5,62,0,0,0,0,0,133,0,4,141
2020-04-30,3,0,17,0,0,0,0,0,0,2,13,2,0,0,0,0,5,0,0,0,0,0,0,0,0,0,0,0,4,0,16,7,0,0,4,0,0,0,0,0,1,0,0,5,63,0,0,0,0,0,134,0,4,142
2020-05-01,3,0,17,0,0,0,0,0,0,2,13,2,0,0,0,0,5,0,0,0,0,0,0,0,0,0,0,0,4,0,16,7,0,0,4,0,0,0,0,0,1,0,0,5,63,0,0,0,0,0,134,0,4,142
2020-05-02,3,0,17,0,0,0,0,0,0,2,13,2,0,0,0,0,5,0,0,0,0,0,0,0,0,0,0,0,4,0,16,7,0,0,4,0,0,0,0,0,1,0,0,5,63,0,0,0,0,0,134,0,4,142
2020-05-03,3,0,17,0,0,0,0,0,0,2,13,2,0,0,0,0,5,0,0,0,0,0,0,0,0,0,0,0,4,0,16,7,0,0,4,0,0,0,0,0,1,0,0,5,63,0,0,0,0,0,134,0,4,142
2020-05-04,3,0,17,0,0,0,0,0,0,2,13,2,0,0,0,0,5,0,0,0,0,0,0,0,0,0,0,0,4,0,16,7,0,0,4,0,0,0,0,0,1,0,0,5,63,0,0,0,0,0,134,0,4,142
2020-05-05,3,0,17,0,0,0,0,0,0,2,13,2,0,0,0,0,5,0,0,0,0,0,0,0,0,0,0,0,4,0,16,7,0,0,4,0,0,0,0,0,1,0,0,5,63,0,0,0,0,0,134,0,4,142
2020-05-06,3,0,17,0,0,0,0,0,0,2,13,2,0,0,0,0,5,0,0,0,0,0,0,0,0,0,0,0,4,0,16,7,0,0,4,0,0,0,0,0,1,0,0,5,63,0,0,0,0,0,134,0,4,142
2020-05-07,3,0,17,0,0,0,0,0,0,2,13,2,0,0,0,0,5,0,0,0,0,0,0,0,0,0,0,0,4,0,16,7,0,0,4,0,0,0,0,0,1,0,0,5,63,0,0,0,0,0,134,0,4,142
2020-05-08,3,0,17,0,0,0,0,0,0,2,13,2,0,0,0,0,5,0,0,0,0,0,0,0,0,0,0,0,4,0,16,7,0,0,4,0,0,0,0,0,1,0,0,5,63,0,0,0,0,0,134,0,4,142
2020-05-09,3,0,17,0,0,0,0,0,0,2,13,2,0,0,0,0,5,0,0,0,0,0,0,0,0,0,0,0,4,0,16,7,0,0,4,0,0,0,0,0,1,0,0,5,63,0,0,0,0,0,134,0,4,142
2020-05-10,3,0,17,0,0,0,0,0,0,2,13,2,0,0,0,0,5,0,0,0,0,0,0,0,0,0,0,0,4,0,16,7,0,0,4,0,0,0,0,0,1,0,0,5,63,0,0,0,0,0,134,0,4,142
2020-05-11,3,0,17,0,0,0,0,0,0,2,13,2,0,0,0,0,5,0,0,0,0,0,0,0,0,0,0,0,4,0,16,7,0,0,4,0,0,0,0,0,1,0,0,5,63,0,0,0,0,0,134,0,4,142
2020-05-12,3,0,17,0,0,0,0,0,0,2,13,2,0,0,0,0,5,0,0,0,0,0,0,0,0,0,0,0,4,0,16,7,0,0,4,0,0,0,0,0,1,0,0,5,63,0,0,0,0,0,134,0,4,142
2020-05-13,3,0,17,0,0,0,0,0,0,2,13,2,0,0,0,0,5,0,0,0,0,0,0,0,0,0,0,0,4,0,16,7,0,0,4,0,0,0,0,0,1,0,0,5,63,0,0,0,0,0,134,0,4,142
2020-05-14,3,0,17,0,0,0,0,0,0,2,13,2,0,0,0,0,5,0,0,0,0,0,0,0,0,0,0,0,4,0,16,7,0,0,4,0,0,0,0,0,1,0,0,5,63,0,0,0,0,0,134,0,4,142
2020-05-15,3,0,17,0,0,0,0,0,0,2,13,2,0,0,0,0,5,0,0,0,0,0,0,0,0,0,0,0,4,0,16,7,0,0,4,0,0,0,0,0,1,0,0,5,63,0,0,0,0,0,134,0,4,142
2020-05-16,3,0,17,0,0,0,0,0,0,2,13,2,0,0,0,0,5,0,0,0,0,0,0,0,0,0,0,0,4,0,16,7,0,0,4,0,0,0,0,0,1,0,0,5,63,0,0,0,0,0,134,0,4,142
2020-05-17,3,0,17,0,0,0,0,0,0,2,13,2,0,0,0,0,5,0,0,0,0,0,0,0,0,0,0,0,4,0,16,7,0,0,4,0,0,0,0,0,1,0,0,5,63,0,0,0,0,0,134,0,4,142
2020-05-18,3,0,17,0,0,0,0,0,0,2,13,2,0,0,0,0,5,0,0,0,0,0,0,0,0,0,0,0,4,0,16,7,0,0,4,0,0,0,0,0,1,0,0,5,63,0,0,0,0,0,134,0,4,142
2020-05-19,3,0,17,0,0,0,0,0,0,2,13,2,0,0,0,0,5,0,0,0,0,0,0,0,0,0,0,0,4,0,16,7,0,0,4,0,0,0,0,0,1,0,0,5,63,0,0,0,0,0,134,0,4,142
2020-05-20,3,0,17,0,0,0,0,0,0,2,13,2,0,0,0,0,5,0,0,0,0,0,0,0,0,0,0,0,4,0,16,7,0,0,4,0,0,0,0,0,1,0,0,5,63,0,0,0,0,0,134,0,4,142
2020-05-21,3,0,17,0,0,0,0,0,0,2,13,2,0,0,0,0,5,0,0,0,0,0,0,0,0,0,0,0,4,0,16,7,0,0,4,0,0,0,0,0,1,0,0,5,63,0,0,0,0,0,134,0,4,142
2020-05-22,3,0,17,0,0,0,0,0,0,2,13,2,0,0,0,0,5,0,0,0,0,0,0,0,0,0,0,0,4,0,16,7,0,0,4,0,0,0,0,0,1,0,0,5,63,0,0,0,0,0,134,0,4,142
2020-05-23,3,0,17,0,0,0,0,0,0,2,13,2,0,0,0,0,5,0,0,0,0,0,0,0,0,0,0,0,4,0,16,7,0,0,4,0,0,0,0,0,1,0,0,5,63,0,0,0,0,0,134,0,4,142
2020-05-24,3,0,17,0,0,0,0,0,0,2,13,2,0,0,0,0,5,0,0,0,0,0,0,0,0,0,0,0,4,0,16,7,0,0,4,0,0,0,0,0,1,0,0,5,63,0,0,0,0,0,134,0,4,142
2020-05-25,3,0,17,0,0,0,0,0,0,2,13,2,0,0,0,0,5,0,0,0,0,0,0,0,0,0,0,0,4,0,16,7,0,0,4,0,0,0,0,0,1,0,0,5,63,0,0,0,0,0,134,0,4,142
2020-05-26,3,0,17,0,0,0,0,0,0,2,13,2,0,0,0,0,5,0,0,0,0,0,0,0,0,0,0,0,4,0,16,7,0,0,4,0,0,0,0,0,1,0,0,5,63,0,0,0,0,0,134,0,4,142
2020-05-27,3,0,17,0,0,0,0,0,0,2,13,2,0,0,0,0,5,0,0,0,0,0,0,0,0,0,0,0,4,0,16,7,0,0,4,0,0,0,0,0,1,0,0,5,63,0,0,0,0,0,134,0,4,142
2020-05-28,3,0,17,0,0,0,0,0,0,2,13,2,0,0,0,0,5,0,0,0,0,0,0,0,0,0,0,0,4,0,16,7,0,0,4,0,0,0,0,0,1,0,0,5,63,0,0,0,0,0,134,0,4,142
2020-05-29,3,0,17,0,0,0,0,0,0,2,13,2,0,0,0,0,5,0,0,0,0,0,0,0,0,0,0,0,4,0,16,7,0,0,4,0,0,0,0,0,1,0,0,5,63,0,0,0,0,0,134,0,4,142
2020-05-30,3,0,17,0,0,0,0,0,0,2,13,2,0,0,0,0,5,0,0,0,0,0,0,0,0,0,0,0,4,0,16,7,0,0,4,0,0,0,0,0,1,0,0,5,63,0,0,0,0,0,134,0,4,142
2020-05-31,3,0,17,0,0,0,0,0,0,2,13,2,0,0,0,0,5,0,0,0,0,0,0,0,0,0,0,0,4,0,16,7,0,0,4,0,0,0,0,0,1,0,0,5,63,0,0,0,0,0,134,0,4,142
2020-06-01,3,0,17,0,0,0,0,0,0,2,13,2,0,0,0,0,5,0,0,0,0,0,0,0,0,0,0,0,4,0,16,7,0,0,4,0,0,0,0,0,1,0,0,5,63,0,0,0,0,0,134,0,4,142
2020-06-02,3,0,17,0,0,0,0,0,0,2,13,2,0,0,0,0,5,0,0,0,0,0,0,0,0,0,0,0,4,0,16,7,0,0,4,0,0,0,0,0,1,0,0,5,63,0,0,0,0,0,134,0,4,142
2020-06-03,3,0,17,0,0,0,0,0,0,2,13,2,0,0,0,0,5,0,0,0,0,0,0,0,0,0,0,0,4,0,16,7,0,0,4,0,0,0,0,0,1,0,0,5,63,0,0,0,0,0,134,0,4,142
2020-06-04,3,0,17,0,0,0,0,0,0,2,13,2,0,0,0,0,5,0,0,0,0,0,0,0,0,0,0,0,4,0,16,7,0,0,4,0,0,0,0,0,1,0,0,5,63,0,0,0,0,0,134,0,4,142
2020-06-05,3,0,17,0,0,0,0,0,0,2,13,2,0,0,0,0,5,0,0,0,0,0,0,0,0,0,0,0,4,0,16,7,0,0,4,0,0,0,0,0,1,0,0,5,63,0,0,0,0,0,134,0,4,142
2020-06-06,3,0,17,0,0,0,0,0,0,2,13,2,0,0,0,0,5,0,0,0,0,0,0,0,0,0,0,0,4,0,16,7,0,0,4,0,0,0,0,0,1,0,0,5,63,0,0,0,0,0,134,0,4,142
2020-06-07,3,0,17,0,0,0,0,0,0,2,13,2,0,0,0,0,5,0,0,0,0,0,0,0,0,0,0,0,4,0,16,7,0,0,4,0,0,0,0,0,1,0,0,5,63,0,0,0,0,0,134,0,4,142
2020-06-08,3,0,17,0,0,0,0,0,0,2,13,2,0,0,0,0,5,0,0,0,0,0,0,0,0,0,0,0,4,0,16,7,0,0,4,0,0,0,0,0,1,0,0,5,63,0,0,0,0,0,134,0,4,142
2020-06-09,3,0,17,0,0,0,0,0,0,2,13,2,0,0,0,0,5,0,0,0,0,0,0,0,0,0,0,0,4,0,16,7,0,0,4,0,0,0,0,0,1,0,0,5,63,0,0,0,0,0,134,0,4,142
2020-06-10,3,0,17,0,0,0,0,0,0,2,13,2,0,0,0,0,5,0,0,0,0,0,0,0,0,0,0,0,4,0,16,7,0,0,4,0,0,0,0,0,1,0,0,5,63,0,0,0,0,0,134,0,4,142
2020-06-11,3,0,17,0,0,0,0,0,0,2,13,2,0,0,0,0,5,0,0,0,0,0,0,0,0,0,0,0,4,0,16,7,0,0,4,0,0,0,0,0,1,0,0,5,63,0,0,0,0,0,134,0,4,142
2020-06-12,3,0,17,0,0,0,0,0,0,2,13,2,0,0,0,0,5,0,0,0,0,0,0,0,0,0,0,0,4,0,16,7,0,0,4,0,0,0,0,0,1,0,0,5,63,0,0,0,0,0,134,0,4,142
2020-06-13,3,0,17,0,0,0,0,0,0,2,13,2,0,0,0,0,5,0,0,0,0,0,0,0,0,0,0,0,4,0,16,7,0,0,4,0,0,0,0,0,1,0,0,5,63,0,0,0,0,0,134,0,4,142
2020-06-14,3,0,17,0,0,0,0,0,0,2,13,2,0,0,0,0,5,0,0,0,0,0,0,0,0,0,0,0,4,0,16,7,0,0,4,0,0,0,0,0,1,0,0,5,63,0,0,0,0,0,134,0,4,142
2020-06-15,3,0,17,0,0,0,0,0,0,2,13,2,0,0,0,0,5,0,0,0,0,0,0,0,0,0,0,0,4,0,16,7,0,0,4,0,0,0,0,0,1,0,0,5,63,0,0,0,0,0,134,0,4,142
2020-06-16,3,0,17,0,0,0,0,0,0,2,13,2,0,0,0,0,5,0,0,0,0,0,0,0,0,0,0,0,4,0,16,7,0,0,4,0,0,0,0,0,1,0,0,5,63,0,0,0,0,0,134,0,4,142
2020-06-17,3,0,17,0,0,0,0,0,0,2,13,2,0,0,0,0,5,0,0,0,0,0,0,0,0,0,0,0,4,0,16,7,0,0,4,0,0,0,0,0,1,0,0,5,63,0,0,0,0,0,134,0,4,142
2020-06-18,3,0,17,0,0,0,0,0,0,2,13,2,0,0,0,0,5,0,0,0,0,0,0,0,0,0,0,0,4,0,16,7,0,0,4,0,0,0,0,0,1,0,0,5,63,0,0,0,0,0,134,0,4,142
2020-06-19,3,0,17,0,0,0,0,0,0,2,13,2,0,0,0,0,5,0,0,0,0,0,0,0,0,0,0,0,4,0,16,7,0,0,4,0,0,0,0,0,1,0,0,5,63,0,0,0,0,0,134,0,4,142
2020-06-20,3,0,17,0,0,0,0,0,0,2,13,2,0,0,0,0,5,0,0,0,0,0,0,0,0,0,0,0,4,0,16,7,0,0,4,0,0,0,0,0,1,0,0,5,63,0,0,0,0,0,134,0,4,142
2020-06-21,3,0,17,0,0,0,0,0,0,2,13,2,0,0,0,0,5,0,0,0,0,0,0,0,0,0,0,0,4,0,16,7,0,0,4,0,0,0,0,0,1,0,0,5,63,0,0,0,0,0,134,0,4,142
2020-06-22,3,0,17,0,0,0,0,0,0,2,13,2,0,0,0,0,5,0,0,0,0,0,0,0,0,0,0,0,4,0,16,7,0,0,4,0,0,0,0,0,1,0,0,5,63,0,0,0,0,0,134,0,4,142
2020-06-23,3,0,17,0,0,0,0,0,0,2,13,2,0,0,0,0,5,0,0,0,0,0,0,0,0,0,0,0,4,0,16,7,0,0,4,0,0,0,0,0,1,0,0,5,63,0,0,0,0,0,134,0,4,142
2020-06-24,3,0,17,0,0,0,0,0,0,2,13,2,0,0,0,0,5,0,0,0,0,0,0,0,0,0,0,0,4,0,16,7,0,0,4,0,0,0,0,0,1,0,0,5,63,0,0,0,0,0,134,0,4,142
2020-06-25,3,0,17,0,0,0,0,0,0,2,13,2,0,0,0,0,5,0,0,0,0,0,0,0,0,0,0,0,4,0,16,7,0,0,4,0,0,0,0,0,1,0,0,5,63,0,0,0,0,0,134,0,4,142
2020-06-26,3,0,17,0,0,0,0,0,0,2,13,2,0,0,0,0,5,0,0,0,0,0,0,0,0,0,0,0,4,0,16,7,0,0,4,0,0,0,0,0,1,0,0,5,63,0,0,0,0,0,134,0,4,142
2020-06-27,3,0,17,0,0,0,0,0,0,2,13,2,0,0,0,0,5,0,0,0,0,0,0,0,0,0,0,0,4,0,16,7,0,0,4,0,0,0,0,0,1,0,0,5,63,0,0,0,0,0,134,0,4,142
2020-06-28,3,0,17,0,0,0,0,0,0,2,13,2,0,0,0,0,5,0,0,0,0,0,0,0,0,0,0,0,4,0,16,7,0,0,4,0,0,0,0,0,1,0,0,5,63,0,0,0,0,0,134,0,4,142
2020-06-29,3,0,17,0,0,0,0,0,0,2,13,2,0,0,0,0,5,0,0,0,0,0,0,0,0,0,0,0,4,0,16,7,0,0,4,0,0,0,0,0,1,0,0,5,63,0,0,0,0,0,134,0,4,142
2020-06-30,3,0,17,0,0,0,0,0,0,2,13,2,0,0,0,0,5,0,0,0,0,0,0,0,0,0,0,0,4,0,16,7,0,0,4,0,0,0,0,0,1,0,0,5,63,0,0,0,0,0,134,0,4,142
2020-07-01,3,0,17,0,0,0,0,0,0,2,13,2,0,0,0,0,5,0,0,0,0,0,0,0,0,0,0,0,4,0,16,7,0,0,4,0,0,0,0,0,1,0,0,5,63,0,0,0,0,0,134,0,4,142
2020-07-02,3,0,17,0,0,0,0,0,0,2,13,2,0,0,0,0,5,0,0,0,0,0,0,0,0,0,0,0,4,0,16,7,0,0,4,0,0,0,0,0,1,0,0,5,63,0,0,0,0,0,134,0,4,142
2020-07-03,3,0,17,0,0,0,0,0,0,2,13,2,0,0,0,0,5,0,0,0,0,0,0,0,0,0,0,0,4,0,16,7,0,0,4,0,0,0,0,0,1,0,0,5,63,0,0,0,0,0,134,0,4,142
2020-07-04,3,0,17,0,0,0,0,0,0,2,13,2,0,0,0,0,5,0,0,0,0,0,0,0,0,0,0,0,4,0,16,7,0,0,4,0,0,0,0,0,1,0,0,5,63,0,0,0,0,0,134,0,4,142
2020-07-05,3,0,17,0,0,0,0,0,0,2,13,2,0,0,0,0,5,0,0,0,0,0,0,0,0,0,0,0,4,0,16,7,0,0,4,0,0,0,0,0,1,0,0,5,63,0,0,0,0,0,134,0,4,142
2020-07-06,3,0,17,0,0,0,0,0,0,2,13,2,0,0,0,0,5,0,0,0,0,0,0,0,0,0,0,0,4,0,16,7,0,0,4,0,0,0,0,0,1,0,0,5,63,0,0,0,0,0,134,0,4,142
2020-07-07,3,0,17,0,0,0,0,0,0,2,13,2,0,0,0,0,5,0,0,0,0,0,0,0,0,0,0,0,4,0,16,7,0,0,4,0,0,0,0,0,1,0,0,5,63,0,0,0,0,0,134,0,4,142
2020-07-08,3,0,18,0,0,0,0,0,0,2,13,2,0,0,0,0,5,0,0,0,0,0,0,0,0,0,0,0,4,0,16,7,0,0,5,0,0,0,0,0,1,0,0,5,63,0,0,0,0,0,135,0,5,144
2020-07-09,3,0,18,0,0,0,0,0,0,2,13,2,0,0,0,0,5,0,0,0,0,0,0,0,0,0,0,0,5,0,16,7,0,0,5,0,0,0,0,0,1,0,0,5,63,0,0,0,0,0,135,0,5,145
2020-07-10,3,0,18,0,0,0,0,0,0,2,13,2,0,1,0,0,5,0,0,0,0,0,0,0,0,0,0,0,5,0,16,7,0,0,5,0,0,0,0,0,1,0,0,5,63,0,0,0,0,0,135,0,5,146
2020-07-11,3,0,18,0,0,0,0,0,0,2,13,2,0,3,0,0,5,0,0,0,0,0,0,0,0,0,0,0,5,0,16,7,0,0,5,0,0,0,0,0,1,0,0,5,63,0,0,0,0,0,135,0,5,148
2020-07-12,3,0,18,0,0,0,0,0,0,2,13,2,0,3,0,0,5,0,0,0,0,0,0,0,0,0,0,0,5,0,16,7,0,0,5,0,0,0,0,0,1,0,0,5,63,0,0,0,0,0,135,0,5,148
2020-07-13,3,0,18,0,0,0,0,0,0,2,13,2,0,3,0,0,5,0,0,0,0,0,0,0,0,0,0,0,5,0,16,7,0,0,5,0,0,0,0,0,1,0,0,5,63,0,0,0,0,0,135,0,5,148
2020-07-14,3,0,18,0,0,0,0,0,0,2,13,2,0,3,0,0,5,0,0,0,0,0,0,0,0,0,0,0,5,0,16,7,0,0,5,0,0,0,0,0,1,0,0,5,63,0,0,0,0,0,135,0,5,148
2020-07-15,3,0,18,0,0,0,0,0,0,2,13,2,0,3,0,0,5,0,0,0,0,0,0,0,0,0,0,0,5,0,16,7,0,0,5,0,0,0,0,0,1,0,0,5,63,0,0,0,0,0,135,0,5,148
2020-07-16,3,0,18,0,0,0,0,0,0,2,13,2,0,3,0,0,5,0,0,0,0,0,0,0,0,0,0,0,5,0,17,7,0,0,5,0,0,0,0,0,1,0,0,5,63,0,0,0,0,0,136,0,5,149
2020-07-17,3,0,18,0,0,0,0,0,0,2,13,2,0,3,0,0,5,0,0,0,0,0,0,0,0,0,0,0,5,0,17,7,0,0,5,0,0,0,0,0,1,0,0,5,63,0,0,0,0,0,136,0,5,149
2020-07-18,3,0,18,0,0,0,0,0,0,2,13,2,0,3,0,0,5,0,0,0,0,0,0,0,0,0,0,0,5,0,17,7,0,0,5,0,0,0,0,0,1,0,0,5,63,0,0,0,0,0,136,0,5,149
2020-07-19,3,0,19,0,0,0,0,0,0,2,13,2,0,3,0,0,5,0,0,0,0,0,0,0,0,0,0,0,5,0,17,7,0,0,5,0,0,0,0,0,1,0,0,5,64,0,0,0,0,0,138,0,5,151
2020-07-20,3,0,19,0,0,0,0,0,0,2,13,2,0,3,0,0,5,0,0,0,0,0,0,0,0,0,0,0,5,0,17,7,0,0,5,0,0,0,0,0,1,0,0,5,66,0,0,0,0,0,140,0,5,153
2020-07-21,3,0,19,0,0,0,0,0,0,2,13,2,0,3,0,0,6,0,0,0,0,0,0,0,0,0,0,0,5,0,17,7,0,0,5,0,0,0,0,0,1,0,0,5,67,0,0,0,0,0,142,0,5,155
2020-07-22,3,0,20,0,0,0,0,0,0,2,13,2,0,3,0,0,6,0,0,0,0,0,0,0,0,0,0,0,5,0,17,7,0,0,5,0,0,0,0,0,1,0,0,5,68,0,0,0,0,0,144,0,5,157
2020-07-23,4,0,23,0,0,0,0,0,0,2,13,2,0,3,0,0,6,0,0,0,0,0,0,0,0,0,0,0,5,0,17,7,0,0,5,0,0,0,0,0,1,0,0,5,69,0,0,0,0,0,149,0,5,162
2020-07-24,5,0,27,0,0,0,0,0,0,2,13,2,0,3,0,0,6,0,0,0,0,0,0,0,0,0,0,0,5,0,17,8,0,0,5,0,0,0,0,0,1,0,0,5,73,0,0,0,0,0,159,0,5,172
2020-07-25,5,0,27,0,0,0,0,0,0,2,14,2,0,3,0,0,7,0,0,0,0,0,0,0,0,0,0,0,6,0,19,8,0,0,5,0,0,0,0,0,2,0,0,5,81,0,0,0,0,0,172,0,5,186
2020-07-26,5,0,27,0,0,0,0,0,0,2,14,2,0,3,0,0,9,0,0,0,0,0,0,0,0,0,0,0,6,0,19,9,0,0,5,0,0,0,0,0,2,0,0,5,84,0,0,0,0,0,178,0,5,192
2020-07-27,6,0,27,0,0,0,0,0,1,2,14,2,0,3,0,0,10,0,0,0,0,0,0,0,0,0,0,0,6,0,21,13,0,0,5,0,0,0,0,0,2,0,0,5,93,0,0,0,0,0,195,0,5,210
2020-07-28,6,0,30,0,0,0,0,0,2,2,15,3,0,3,0,0,12,0,0,0,0,0,0,0,0,0,0,0,8,0,21,13,0,0,5,0,0,0,0,0,3,0,0,6,102,0,0,0,0,0,213,0,5,231
2020-07-29,7,0,31,0,0,0,0,0,2,3,18,3,0,3,0,0,15,0,1,0,0,0,0,0,0,0,0,0,8,0,23,15,0,0,5,0,0,0,0,0,7,0,0,8,126,0,0,0,0,0,256,1,5,275
2020-07-30,8,0,34,0,0,0,0,0,2,7,22,3,0,3,0,0,16,0,1,0,0,0,0,0,0,0,0,0,8,0,24,18,0,0,5,0,0,0,0,0,8,0,0,12,153,0,0,0,0,0,305,1,5,324
2020-07-31,8,0,37,0,0,0,1,2,2,10,29,4,0,4,0,0,16,0,1,0,0,0,0,0,0,0,0,1,8,0,27,22,0,0,11,0,0,0,0,0,10,0,0,20,182,0,0,0,0,0,367,1,11,395
2020-08-01,8,0,40,0,0,0,1,2,2,10,40,4,0,4,0,0,19,0,2,0,0,0,0,0,0,0,0,1,8,0,32,22,0,0,11,0,0,0,0,0,13,0,0,27,207,0,0,0,0,0,424,2,11,453
2020-08-02,10,0,44,0,0,0,1,6,2,14,48,4,0,4,0,0,21,0,5,0,0,0,0,0,0,0,0,1,9,0,36,29,0,0,14,0,0,0,0,0,16,0,0,32,220,0,0,0,0,0,480,5,14,516
2020-08-03,10,0,44,0,0,0,1,6,2,14,55,4,0,4,0,0,22,0,5,0,0,0,0,0,0,0,0,1,10,0,38,32,0,0,18,0,0,0,0,0,19,0,0,36,232,0,0,0,0,0,512,5,18,553
2020-08-04,10,0,49,0,0,0,1,6,2,18,70,4,0,4,0,0,24,0,19,0,0,0,0,0,0,0,0,1,11,0,42,39,0,0,19,0,0,0,0,0,20,0,0,40,257,0,0,0,0,0,579,19,19,636
2020-08-05,11,0,50,0,1,0,1,8,2,18,82,6,0,4,0,0,32,0,20,0,0,0,0,0,0,0,0,1,11,0,44,43,0,0,19,0,0,0,0,0,21,0,0,48,288,0,0,0,0,0,651,20,20,710
2020-08-06,13,0,52,0,1,0,1,8,2,20,89,11,0,4,0,0,37,0,21,0,0,0,0,0,0,0,0,1,11,0,45,51,0,0,19,0,0,0,0,0,32,0,0,52,312,0,0,0,0,0,722,21,20,782
2020-08-07,17,0,58,0,6,0,1,9,2,22,97,12,0,4,0,0,40,0,24,0,0,0,0,0,0,0,0,1,11,0,46,60,0,0,20,0,0,0,0,0,47,0,0,60,345,0,0,0,0,0,813,24,26,882
2020-08-08,17,0,64,0,6,0,1,10,2,24,102,12,0,4,1,0,42,0,29,0,0,0,0,0,0,0,0,1,11,0,48,68,0,0,20,0,0,0,0,0,55,0,0,68,381,0,0,0,0,0,891,29,26,966
2020-08-09,19,0,92,0,6,0,1,12,2,27,111,13,0,4,1,0,54,0,30,0,0,0,0,0,0,0,0,1,11,0,55,78,0,0,21,0,0,0,0,0,59,0,0,78,448,0,0,0,0,0,1046,30,27,1123
2020-08-10,20,0,95,0,7,0,1,13,2,28,114,14,0,4,1,0,57,0,30,0,0,0,0,0,0,0,0,1,12,0,57,84,0,0,21,0,0,0,0,0,65,0,0,80,467,0,0,0,0,0,1094,30,28,1173
2020-08-11,22,0,98,0,7,0,1,15,2,34,128,14,0,4,1,0,58,0,30,0,0,0,0,0,0,0,0,1,12,0,57,96,0,0,21,0,0,0,0,0,72,0,0,89,475,0,0,0,0,0,1158,30,28,1237
2020-08-12,31,0,104,0,7,0,1,16,2,36,136,15,0,4,2,0,59,0,33,0,0,0,0,0,0,0,0,1,12,0,57,99,0,0,21,0,0,0,0,0,75,0,0,93,498,0,0,0,0,0,1219,33,28,1302
2020-08-13,42,0,107,0,15,0,1,16,2,38,142,17,0,4,2,0,64,0,36,0,0,0,0,0,0,0,2,1,12,0,64,110,0,0,21,0,0,0,0,0,82,0,0,94,524,0,0,0,0,1,1300,36,36,1397
2020-08-14,53,0,122,0,16,0,1,17,2,42,150,18,0,4,2,0,72,0,36,0,0,0,0,0,0,0,2,1,12,0,74,124,0,0,21,0,0,0,0,0,87,0,0,96,549,0,0,0,0,1,1404,36,37,1502
2020-08-15,54,0,125,0,16,0,1,17,2,45,159,19,0,4,2,0,74,0,37,0,0,0,0,0,0,0,2,1,12,0,77,124,0,0,22,0,0,0,0,0,91,0,0,100,564,0,0,0,0,1,1449,37,38,1549
2020-08-16,62,0,138,0,16,0,1,17,3,45,167,21,0,4,2,0,76,0,38,0,0,0,0,0,0,0,2,1,12,0,80,128,0,0,22,0,0,0,0,0,96,0,0,103,573,0,0,0,0,1,1506,38,38,1608
2020-08-17,64,0,142,0,16,0,1,17,3,45,168,21,0,4,2,0,77,0,38,0,0,0,0,0,0,0,2,1,12,0,82,136,0,0,22,0,0,0,0,0,96,0,0,106,589,0,0,0,0,2,1543,38,38,1646
2020-08-18,65,0,149,0,16,0,1,18,3,46,170,22,0,4,2,0,77,0,38,0,0,0,0,0,0,0,2,1,12,0,87,139,0,0,22,0,0,0,0,0,97,0,0,107,599,0,0,0,0,2,1576,38,38,1679
2020-08-19,69,0,152,0,17,0,1,19,3,46,179,23,0,4,2,0,80,0,40,0,0,0,0,0,0,0,2,1,12,0,95,143,0,0,22,0,0,0,0,0,102,0,0,112,622,0,0,0,0,2,1642,40,39,1748
2020-08-20,72,0,155,0,17,0,1,23,3,46,180,23,0,4,2,0,82,0,40,0,0,0,0,0,0,0,2,1,12,0,99,146,0,0,22,0,0,0,0,0,105,0,0,112,641,0,0,0,0,2,1684,40,39,1790
2020-08-21,76,0,159,0,17,0,1,23,3,48,182,23,0,4,2,0,82,0,40,0,0,0,0,0,0,0,2,1,12,0,99,147,0,0,23,0,0,0,0,0,109,0,0,113,652,0,0,0,0,2,1713,40,40,1820
2020-08-22,76,0,160,1,17,0,1,24,4,48,186,23,0,4,2,0,85,0,40,0,0,0,0,0,0,0,2,1,12,0,100,147,0,0,24,0,0,0,0,0,112,0,0,115,665,0,0,0,0,2,1741,40,41,1851
2020-08-23,78,0,160,1,17,0,1,25,4,48,188,24,0,4,2,0,85,0,42,0,0,0,0,0,0,0,2,1,12,0,102,147,0,0,24,0,0,0,0,0,113,0,0,115,679,0,0,0,0,2,1764,42,41,1876
2020-08-24,79,0,165,1,17,0,1,25,4,48,193,26,0,4,2,0,85,0,42,0,0,0,0,0,0,0,2,1,12,0,102,147,0,0,24,0,0,0,0,0,114,0,0,115,686,0,0,1,0,2,1785,42,41,1898
2020-08-25,79,0,169,1,17,0,1,25,4,52,199,27,0,4,2,0,85,0,42,0,0,0,0,0,0,0,2,1,12,0,106,148,0,0,24,0,0,0,0,0,118,0,0,115,693,0,0,1,0,2,1816,42,41,1929
2020-08-26,83,0,171,1,17,0,1,25,4,52,205,27,0,4,2,0,88,0,42,0,0,0,0,0,0,0,2,1,12,0,110,150,0,0,24,0,0,0,0,0,118,0,0,116,705,0,0,1,0,2,1850,42,41,1963
2020-08-27,86,0,172,1,17,1,1,25,4,54,209,29,0,4,2,0,88,0,42,0,0,0,0,0,0,0,2,1,12,0,115,152,0,0,26,0,0,0,0,0,120,0,0,117,714,0,0,1,0,2,1881,42,43,1997
2020-08-28,88,0,179,1,17,1,1,25,4,57,215,29,0,4,2,0,91,0,42,0,0,0,0,0,0,0,2,1,13,0,119,154,0,0,26,0,0,0,0,0,122,0,0,119,724,0,0,1,0,2,1922,42,43,2039
2020-08-29,96,0,183,1,17,1,1,25,4,57,216,29,0,4,2,0,91,0,43,0,0,0,0,0,0,0,2,1,13,0,125,158,0,0,26,0,0,0,0,0,122,0,0,120,730,0,0,1,0,2,1952,43,43,2070
2020-08-30,99,0,183,1,17,1,1,25,4,57,217,29,0,4,2,0,91,0,43,0,0,0,0,0,0,0,2,1,13,0,131,160,0,0,29,0,0,0,0,0,124,0,0,123,743,0,0,1,0,2,1982,43,46,2103
2020-08-31,100,0,184,1,17,1,1,25,4,58,220,29,0,4,2,0,92,0,43,0,0,0,0,0,0,0,2,1,13,0,134,163,0,0,29,0,0,0,0,0,125,0,0,124,751,0,0,1,0,2,2005,43,46,2126
2020-09-01,100,0,184,1,17,1,1,25,4,58,220,29,0,4,2,0,92,0,43,0,0,0,0,0,0,0,2,1,13,0,134,163,0,0,29,0,0,0,0,0,125,0,0,124,751,0,0,1,0,2,2005,43,46,2126
2020-09-02,101,0,184,1,17,1,1,25,4,59,222,29,0,4,2,0,93,0,43,0,0,0,0,0,0,0,2,1,13,0,136,165,0,0,30,0,0,0,0,0,127,0,0,124,753,0,0,1,0,2,2018,43,47,2140
2020-09-03,103,0,186,1,17,1,1,25,4,59,223,30,0,4,2,0,93,0,43,0,0,0,0,0,0,0,2,1,13,0,139,165,0,0,30,0,0,0,0,0,128,0,0,130,756,0,0,1,0,2,2037,43,47,2159
2020-09-04,105,0,188,1,17,1,1,27,4,60,223,31,0,4,2,0,93,0,43,0,0,0,0,0,0,0,2,1,13,0,143,168,0,0,34,0,0,0,0,0,129,0,0,131,762,0,0,1,0,2,2060,43,51,2186
2020-09-05,106,0,189,1,17,1,1,27,4,60,223,31,0,4,2,0,93,0,43,0,0,0,0,0,0,0,2,1,13,0,149,168,0,0,35,0,0,0,0,0,129,0,0,133,771,0,0,1,0,2,2079,43,52,2206
2020-09-06,106,0,189,1,17,1,1,27,4,60,223,31,0,4,2,0,93,0,43,0,0,0,0,0,0,0,2,1,13,0,149,168,0,0,35,0,0,0,0,0,129,0,0,133,771,0,0,1,0,2,2079,43,52,2206
2020-09-07,107,0,191,1,17,1,1,27,4,61,223,32,0,4,2,0,93,0,43,0,0,0,0,0,0,0,2,1,13,0,154,170,0,0,35,0,0,0,0,0,129,0,0,133,777,0,0,1,0,2,2097,43,52,2224
2020-09-08,107,0,191,1,17,1,1,27,4,61,223,32,0,4,2,0,93,0,43,0,0,0,0,0,0,0,2,1,13,0,157,171,0,0,35,0,0,0,0,0,129,0,0,135,780,0,0,1,0,2,2106,43,52,2233
2020-09-09,107,0,191,1,17,1,1,27,4,61,224,33,0,4,2,0,93,0,43,0,0,0,0,0,0,0,2,1,13,0,158,172,0,0,36,0,0,0,0,0,130,0,0,136,781,0,0,1,0,2,2113,43,53,2241
2020-09-10,107,0,192,1,17,1,1,28,4,61,224,33,0,4,2,0,93,0,43,0,0,0,0,0,0,0,2,1,13,0,159,176,0,0,36,0,0,0,0,0,130,0,0,138,788,0,0,1,0,2,2129,43,53,2257
2020-09-11,108,0,194,1,17,1,1,28,4,61,224,33,0,4,2,0,93,0,43,0,0,0,0,0,0,0,2,1,13,0,160,178,0,0,37,0,0,0,0,0,130,0,0,138,791,0,0,1,0,2,2138,43,54,2267
2020-09-12,109,0,194,1,17,1,1,28,4,63,224,33,0,4,3,0,94,0,43,0,0,0,0,0,0,0,2,1,13,0,160,180,0,0,37,0,0,0,0,0,130,0,0,138,795,0,0,1,0,2,2148,43,54,2278
2020-09-13,110,0,195,1,17,1,1,28,4,63,225,33,0,4,3,0,95,0,43,0,0,0,0,0,0,0,2,1,13,0,161,182,0,0,37,0,0,0,0,0,130,0,0,138,798,0,0,1,0,2,2158,43,54,2288
2020-09-14,110,0,195,1,17,1,1,28,4,63,226,33,0,4,3,0,95,0,44,0,0,0,0,0,0,0,2,1,13,0,161,183,0,0,37,0,0,0,0,0,130,0,0,138,798,0,0,1,0,2,2160,44,54,2291
2020-09-15,110,0,195,1,17,1,1,28,4,63,227,33,0,4,3,0,95,0,44,0,0,0,0,0,0,0,2,1,13,0,161,183,0,0,37,0,0,0,0,0,131,0,0,139,799,0,0,1,0,2,2164,44,54,2295
2020-09-16,110,0,196,1,17,1,1,28,4,64,227,33,0,4,3,0,95,0,44,0,0,0,0,0,0,0,2,1,13,0,163,183,0,0,37,0,0,0,0,0,133,0,0,139,801,0,0,1,0,2,2172,44,54,2303
2020-09-17,110,0,197,1,17,1,1,29,4,64,227,33,0,4,3,0,95,0,44,0,0,0,0,0,0,0,2,1,13,0,165,184,0,0,37,0,0,0,0,0,133,0,0,139,801,0,0,1,0,2,2177,44,54,2308
2020-09-18,110,0,197,1,17,1,1,29,4,64,228,33,0,4,3,0,97,0,44,0,0,0,0,0,0,0,2,1,13,0,170,184,0,0,37,0,0,0,0,0,136,0,0,139,802,0,0,1,0,2,2189,44,54,2320
2020-09-19,113,0,197,1,17,1,1,29,4,64,228,33,0,4,3,0,99,0,45,0,0,0,0,0,0,0,2,1,13,0,174,187,0,0,37,0,0,0,0,0,136,0,0,139,802,0,0,1,0,2,2201,45,54,2333
2020-09-20,115,0,198,1,17,1,1,29,4,64,229,33,0,4,3,0,100,0,45,0,0,0,0,0,0,0,2,1,13,0,179,189,0,0,37,0,0,0,0,0,136,0,0,139,805,0,0,1,0,2,2216,45,54,2348
2020-09-21,115,0,198,1,17,1,1,29,4,64,229,33,0,4,3,0,100,0,45,0,0,0,0,0,0,0,2,1,13,0,181,190,0,0,37,0,0,0,0,0,137,0,0,141,806,0,0,1,0,2,2223,45,54,2355
2020-09-22,115,0,199,1,17,1,1,29,4,64,230,33,0,4,3,0,102,0,45,0,0,0,0,0,0,0,2,1,13,0,181,190,0,0,37,0,0,0,0,0,137,0,0,141,808,0,0,1,0,2,2229,45,54,2361
2020-09-23,117,0,200,1,17,1,1,29,4,64,231,33,0,4,3,0,103,0,45,0,0,0,0,0,0,0,2,1,13,0,181,191,0,0,37,0,0,0,0,0,137,0,0,142,814,0,0,1,0,2,2242,45,54,2374
2020-09-24,117,0,200,1,17,1,1,29,4,65,231,34,0,4,3,0,103,0,45,0,0,0,0,0,0,0,2,1,13,0,181,192,0,0,37,0,0,0,0,0,137,0,0,142,817,0,0,1,0,2,2248,45,54,2380
2020-09-25,117,0,200,1,17,1,1,30,4,65,234,34,0,4,3,0,103,0,45,0,0,0,0,0,0,0,2,1,13,0,182,192,0,0,37,0,0,0,0,0,137,0,0,142,818,0,0,1,0,2,2254,45,54,2386
2020-09-26,119,0,200,1,17,1,1,30,4,65,235,34,0,4,3,0,104,0,45,0,0,0,0,0,0,0,2,1,13,0,183,194,0,0,40,0,0,0,0,0,137,0,0,143,827,0,0,1,0,2,2271,45,57,2406
2020-09-27,121,0,201,1,17,1,1,30,4,65,237,35,0,4,3,0,105,0,45,0,0,0,0,0,0,0,2,1,13,0,185,194,0,0,42,0,0,0,0,0,137,0,0,144,835,0,0,1,0,2,2289,45,59,2426
2020-09-28,121,0,201,1,17,1,1,30,4,66,240,35,0,4,3,0,105,0,45,0,0,0,0,0,0,0,2,1,13,0,187,195,0,0,42,0,0,0,0,0,137,0,0,145,841,0,0,1,0,2,2303,45,59,2440
2020-09-29,121,0,203,1,17,1,1,30,4,67,243,35,0,4,3,0,105,0,45,0,0,0,0,0,0,0,2,1,13,0,188,199,0,0,42,0,0,0,0,0,137,0,0,146,848,0,0,1,0,2,2322,45,59,2459
2020-09-30,122,0,207,1,17,1,1,30,4,67,244,35,0,4,3,0,105,0,45,0,0,0,0,0,0,0,2,1,13,0,192,202,0,0,42,0,0,0,0,0,138,0,0,146,859,0,0,1,0,2,2347,45,59,2484
2020-10-01,122,0,211,1,17,1,1,30,4,67,244,35,0,4,3,0,106,0,45,0,0,0,0,0,0,0,2,1,13,0,195,207,0,0,42,0,0,0,0,0,138,1,0,147,873,0,0,1,0,2,2375,45,59,2513
2020-10-02,122,0,212,1,17,1,1,30,4,67,249,35,0,4,3,0,106,0,45,0,0,0,0,0,0,0,2,1,13,0,197,211,0,0,42,0,0,0,0,0,138,1,0,150,883,0,0,1,0,2,2400,45,59,2538
2020-10-03,122,0,213,1,17,1,1,30,4,70,249,35,0,4,3,0,106,0,45,0,0,0,0,0,0,0,2,1,13,0,200,214,0,0,42,0,0,0,0,0,138,1,0,152,900,0,0,1,0,2,2429,45,59,2567
2020-10-04,123,0,213,1,17,1,1,30,4,70,251,35,0,4,3,0,106,0,45,0,0,0,0,0,0,0,2,1,13,0,200,217,0,0,42,0,0,0,0,0,139,1,0,152,913,0,0,1,0,2,2449,45,59,2587
2020-10-05,123,0,213,1,17,1,1,30,4,71,254,35,0,4,3,0,106,0,45,0,0,0,0,0,0,0,2,1,13,0,200,218,0,0,42,0,0,0,0,0,140,1,0,156,922,0,0,1,0,2,2468,45,59,2606
2020-10-06,123,0,213,1,17,1,1,30,4,71,257,36,0,4,3,0,108,0,45,0,0,0,0,0,0,0,2,1,13,0,200,220,0,0,42,0,0,0,0,0,141,1,0,157,934,0,0,1,0,2,2490,45,59,2628
2020-10-07,124,0,213,1,17,1,1,30,4,71,262,36,0,4,3,0,108,0,45,0,0,0,0,0,0,0,2,1,13,0,204,222,0,0,42,0,0,0,0,0,142,1,0,160,944,0,0,1,0,2,2516,45,59,2654
2020-10-08,124,0,213,1,17,1,1,30,4,72,267,36,0,4,3,0,108,0,45,0,0,0,0,0,0,0,2,1,14,0,205,224,0,0,42,0,0,0,0,0,142,1,0,161,959,0,0,1,0,2,2541,45,59,2680
2020-10-09,124,0,213,1,17,1,1,30,4,72,269,36,0,4,3,0,111,0,47,0,0,0,0,0,0,0,2,1,14,0,206,227,0,0,42,0,0,0,0,0,144,1,0,162,973,0,0,1,0,2,2567,47,59,2708
2020-10-10,125,0,214,1,17,1,1,30,4,72,269,36,0,4,3,0,111,0,47,0,0,0,0,0,0,0,2,1,14,0,208,230,0,0,42,0,0,0,0,0,145,1,0,163,983,0,0,1,0,2,2586,47,59,2727
2020-10-11,125,0,214,1,17,1,1,30,4,72,270,36,0,4,3,0,111,0,49,0,0,0,0,0,0,0,2,1,14,0,208,233,0,0,42,0,0,0,0,0,145,1,0,164,987,0,0,1,0,2,2595,49,59,2738
2020-10-12,125,0,219,1,17,1,1,30,4,72,271,36,0,4,3,0,111,0,49,0,0,0,0,0,0,0,2,1,14,0,208,233,0,0,42,0,0,0,0,0,145,1,0,165,994,0,0,1,0,2,2609,49,59,2752
2020-10-13,125,0,219,1,17,1,1,30,4,72,271,36,0,4,3,0,111,0,50,0,0,0,0,0,0,0,2,1,14,0,210,236,0,0,42,0,0,0,0,0,145,1,0,165,1002,0,0,1,0,2,2622,50,59,2766
2020-10-14,125,0,219,1,17,1,1,30,4,73,271,37,0,4,3,0,111,0,51,0,0,0,0,0,0,0,2,1,15,0,213,241,0,0,42,0,0,0,0,0,147,1,0,166,1007,0,0,1,0,2,2640,51,59,2786
2020-10-15,129,0,219,1,17,1,1,30,4,74,274,38,0,4,3,0,113,0,52,0,0,0,0,0,0,0,2,1,16,0,213,248,0,0,42,0,0,0,0,0,147,1,0,166,1026,0,0,1,0,2,2677,52,59,2825
2020-10-16,129,0,219,1,17,1,1,30,4,74,275,38,0,4,3,0,115,0,60,0,0,0,0,0,0,0,2,1,16,0,213,254,0,0,46,0,0,0,0,0,147,1,0,166,1035,0,0,1,0,2,2695,60,63,2855
2020-10-17,129,0,223,1,17,1,1,30,4,74,277,39,0,4,3,0,116,0,65,0,0,0,0,0,0,0,2,1,16,0,214,255,0,0,51,0,0,0,0,0,148,1,0,167,1046,0,0,1,0,2,2718,65,68,2888
2020-10-18,130,0,225,1,17,1,1,30,4,74,278,39,0,4,3,0,116,0,68,0,0,0,0,0,0,0,2,1,16,0,215,260,0,0,62,0,0,0,0,0,149,1,0,168,1048,0,0,1,0,2,2732,68,79,2916
2020-10-19,130,0,225,1,19,1,1,30,4,75,279,41,0,4,3,0,116,0,73,0,0,0,0,0,0,0,2,1,16,0,218,264,0,0,68,0,0,0,0,0,151,1,0,168,1057,0,0,1,0,2,2754,73,87,2951
2020-10-20,131,0,226,1,19,1,1,30,4,77,280,41,0,4,3,0,116,0,74,0,0,0,0,0,0,0,2,1,16,0,219,266,0,0,73,0,1,0,0,0,152,1,0,168,1062,0,0,1,0,2,2768,74,92,2972
2020-10-21,133,0,232,1,19,1,1,30,4,77,284,41,0,4,3,0,119,0,75,0,0,0,0,0,0,0,2,1,16,0,222,270,0,0,77,0,1,0,0,0,152,1,0,169,1071,0,0,1,0,2,2800,75,96,3009
2020-10-22,133,0,236,1,19,1,1,30,4,79,286,42,0,4,3,0,122,0,82,0,0,0,0,0,0,0,2,1,16,0,227,272,0,0,80,0,1,0,0,0,153,1,0,170,1078,0,0,1,0,2,2828,82,99,3047
2020-10-23,137,0,238,1,19,1,1,30,4,80,290,46,0,4,3,0,123,0,83,0,0,0,0,0,0,0,2,1,18,0,231,278,0,0,86,0,1,0,0,0,153,1,0,173,1085,0,0,1,0,2,2864,83,105,3092
2020-10-24,137,0,238,1,19,1,1,32,4,82,291,47,0,4,3,0,125,0,84,0,0,0,0,0,0,0,2,1,18,0,235,281,0,0,91,0,1,0,0,0,155,1,0,175,1100,0,0,1,0,2,2898,84,110,3132
2020-10-25,138,0,239,1,20,1,1,32,4,84,294,47,0,4,3,0,126,0,86,0,0,0,0,0,0,0,2,1,18,0,241,285,0,0,91,0,1,0,0,0,157,1,0,175,1108,0,0,1,0,2,2926,86,111,3163
2020-10-26,138,0,239,1,20,1,1,32,4,85,300,49,0,4,3,0,126,0,87,0,0,0,0,0,0,0,2,1,19,0,243,289,0,0,96,0,1,0,0,0,157,1,0,177,1113,0,0,1,0,2,2948,87,116,3192
2020-10-27,138,0,241,1,20,1,1,32,4,85,301,50,0,4,3,0,127,0,88,0,0,0,0,0,0,0,2,1,19,0,243,292,0,0,99,0,1,1,0,0,158,1,0,178,1120,0,0,1,0,2,2965,88,119,3214
2020-10-28,138,0,241,1,20,1,1,32,4,85,303,51,0,4,3,0,129,0,91,0,0,0,0,0,0,0,2,1,19,0,246,295,0,0,104,0,1,1,0,0,160,1,0,180,1126,0,0,1,0,2,2986,91,124,3243
2020-10-29,140,0,241,1,21,1,1,33,4,85,303,51,0,4,3,0,131,0,94,0,0,0,0,0,0,0,2,1,19,0,248,296,0,0,107,0,1,1,0,0,160,1,0,181,1142,0,0,1,0,2,3011,94,128,3275
2020-10-30,140,0,243,1,21,1,1,33,4,86,306,51,0,4,3,0,134,0,94,0,0,0,0,0,0,0,2,1,19,0,251,296,0,0,107,0,1,1,0,0,164,1,0,181,1153,0,0,1,0,2,3038,94,128,3302
2020-10-31,142,0,245,1,21,1,1,33,4,87,309,51,0,4,3,0,136,0,94,0,0,0,0,0,0,0,2,1,19,0,254,300,0,0,108,0,1,1,0,0,166,1,0,182,1163,0,0,1,0,2,3068,94,129,3333
2020-11-01,143,0,247,1,22,1,1,33,4,90,310,51,0,4,3,0,136,0,97,0,0,0,0,0,0,0,2,1,19,0,257,303,0,0,108,0,1,1,0,0,168,1,0,183,1170,0,0,1,0,2,3091,97,130,3360
2020-11-02,143,0,247,1,22,1,1,33,4,90,312,51,0,4,3,0,136,0,98,0,0,0,0,0,0,0,2,1,19,0,259,304,0,0,108,0,1,1,0,0,169,1,0,183,1176,0,0,1,0,2,3103,98,130,3373
2020-11-03,143,0,248,1,22,1,1,33,4,90,314,51,1,4,3,0,139,0,98,0,0,0,0,0,0,0,2,1,19,0,260,305,0,0,108,0,1,1,0,0,171,1,0,184,1183,0,0,1,0,2,3121,98,130,3392
2020-11-04,143,0,248,1,22,1,1,33,4,90,315,51,1,4,3,0,140,0,98,0,0,0,0,0,0,0,2,1,19,0,262,308,0,0,108,0,1,1,0,0,174,1,0,184,1189,0,0,1,0,2,3137,98,130,3408
2020-11-05,143,0,249,1,22,1,1,33,4,90,315,52,1,4,3,0,145,0,98,0,0,0,0,0,0,0,2,1,19,0,262,314,0,0,111,0,1,1,0,0,176,1,0,184,1198,0,0,1,0,2,3161,98,133,3435
2020-11-06,143,0,252,1,22,1,1,33,4,90,318,52,1,4,3,0,145,0,99,0,0,0,0,0,0,0,2,1,19,0,265,314,0,0,111,0,1,1,0,0,177,1,0,186,1206,0,0,1,0,2,3181,99,133,3456
2020-11-07,144,0,253,1,22,1,1,34,4,90,319,52,1,4,3,0,149,0,99,0,0,0,0,0,0,0,2,1,19,0,269,317,0,0,111,0,1,1,0,0,180,1,0,186,1220,0,0,1,0,2,3213,99,133,3488
2020-11-08,144,0,256,1,22,1,1,34,4,90,320,52,1,4,3,0,150,0,99,0,0,0,0,0,0,0,2,1,19,0,271,318,0,0,115,0,1,1,0,0,180,1,0,189,1234,0,0,1,0,2,3238,99,137,3517
2020-11-09,145,0,256,1,22,1,1,34,4,90,322,52,1,4,3,0,152,0,99,0,0,0,0,0,0,0,2,1,19,0,272,320,0,0,115,0,1,1,0,0,182,1,0,189,1242,0,0,1,0,2,3256,99,137,3535
2020-11-10,146,0,256,1,22,1,1,35,4,91,325,52,1,4,3,0,153,0,100,0,0,0,0,0,0,0,2,1,19,0,272,327,0,0,117,0,1,1,0,0,183,1,0,189,1249,0,0,1,0,2,3278,100,139,3560
2020-11-11,150,0,258,1,22,1,1,35,4,92,326,52,1,4,3,0,156,0,100,0,0,0,0,0,0,0,2,1,19,0,275,328,0,0,118,0,1,1,0,0,184,1,0,195,1262,0,0,1,0,2,3313,100,140,3596
2020-11-12,150,0,258,1,22,1,1,35,4,92,326,52,1,4,3,0,159,0,100,0,0,0,0,0,0,0,2,1,20,0,278,330,0,0,118,0,1,1,0,0,185,1,0,197,1274,0,0,1,0,2,3336,100,140,3620
2020-11-13,151,0,259,1,22,1,1,35,4,94,330,52,1,4,3,0,162,0,100,0,0,0,0,0,0,0,2,1,21,0,282,335,0,0,118,0,1,1,0,0,187,1,0,198,1298,0,0,1,0,2,3383,100,140,3668
2020-11-14,152,0,259,1,22,1,1,35,4,96,331,54,1,4,3,0,166,0,101,0,0,0,0,0,0,0,2,1,21,0,282,337,0,0,119,0,1,1,0,0,187,1,0,198,1310,0,0,1,0,2,3407,101,141,3694
2020-11-15,152,0,260,1,22,1,1,35,4,98,334,55,1,4,3,0,167,0,101,0,0,0,0,0,0,0,2,1,21,0,284,343,0,0,121,0,1,1,0,0,191,1,0,198,1333,0,0,1,0,2,3450,101,143,3739
2020-11-16,152,0,260,1,22,1,1,37,4,101,337,56,1,4,3,0,167,0,102,0,0,0,0,0,0,0,2,1,21,0,284,345,0,0,121,0,1,1,0,0,191,1,0,198,1348,0,0,1,0,2,3476,102,143,3766
2020-11-17,152,0,261,1,22,1,1,37,4,103,338,58,1,4,3,0,171,0,102,0,0,0,0,0,0,0,2,1,21,0,286,348,0,0,121,0,1,1,0,0,191,1,0,200,1355,0,0,1,0,2,3500,102,143,3790
2020-11-18,153,0,263,1,22,1,1,38,4,106,342,59,1,4,3,0,179,0,102,0,0,0,0,0,0,0,2,1,21,0,290,351,0,0,121,0,1,1,0,0,191,1,0,202,1367,0,0,1,0,2,3541,102,143,3831
2020-11-19,156,0,268,1,22,1,1,39,4,106,343,60,1,4,3,0,185,0,102,0,0,0,0,0,0,0,2,1,21,0,296,354,0,0,121,0,1,1,0,0,191,1,0,204,1392,0,0,1,0,2,3594,102,143,3884
2020-11-20,156,0,269,1,22,1,1,40,4,109,345,60,1,4,3,0,191,0,102,0,0,0,0,0,0,0,2,1,21,0,301,359,0,0,121,0,1,1,0,0,192,1,0,207,1405,0,0,1,0,2,3634,102,143,3924
2020-11-21,158,0,272,1,22,1,1,41,4,110,350,60,1,4,3,0,197,0,102,0,0,0,0,0,0,0,2,1,21,0,303,364,0,0,121,0,1,1,0,0,192,1,0,208,1421,0,0,1,0,2,3676,102,143,3966
2020-11-22,159,0,273,1,22,1,1,42,4,112,353,60,1,4,3,0,198,0,102,0,0,0,0,0,0,0,2,1,21,0,308,370,0,0,121,0,1,1,0,0,192,1,0,208,1433,0,0,1,0,2,3708,102,143,3998
2020-11-23,160,0,275,1,22,1,1,42,4,113,355,60,1,4,3,0,198,0,102,0,0,0,0,0,0,0,2,1,21,0,308,375,0,0,121,0,1,1,0,0,192,1,0,208,1438,0,0,1,0,2,3724,102,143,4014
2020-11-24,160,0,275,1,22,1,1,42,4,113,357,60,1,4,3,0,199,0,102,0,0,0,0,0,0,0,2,1,21,0,309,377,0,0,121,0,1,1,0,0,193,1,0,210,1445,0,0,1,0,2,3740,102,143,4030
2020-11-25,160,0,276,1,22,1,1,42,4,114,360,60,1,4,3,0,203,0,103,0,0,0,0,0,0,0,2,1,21,0,310,382,0,0,121,0,1,1,0,0,194,1,0,211,1454,0,0,1,0,2,3766,103,143,4057
2020-11-26,164,0,283,1,22,1,1,43,4,114,367,61,1,4,3,0,214,0,104,0,0,0,0,0,0,0,2,1,21,0,317,393,0,0,121,0,1,1,0,0,196,1,0,213,1473,0,0,1,0,2,3838,104,143,4130
2020-11-27,164,0,283,1,22,1,1,45,4,114,367,61,1,4,3,0,217,0,105,0,0,0,0,0,0,0,2,1,22,0,324,401,0,0,121,0,1,1,0,0,197,1,0,215,1486,0,0,1,0,2,3874,105,143,4168
2020-11-28,167,0,289,1,22,1,1,45,4,114,371,65,1,4,3,0,224,0,107,0,0,0,0,0,0,0,2,1,22,0,329,412,0,0,122,0,1,1,0,0,199,1,0,216,1516,0,0,1,0,2,3947,107,144,4244
2020-11-29,169,0,290,1,22,1,1,46,4,115,378,67,1,4,3,0,225,0,108,0,0,0,0,0,0,0,2,1,22,0,334,418,0,0,122,0,1,1,0,0,199,1,0,217,1533,0,0,1,0,2,3991,108,144,4289
2020-11-30,169,0,291,1,22,1,1,47,4,115,379,72,1,4,3,0,225,0,108,0,0,0,0,0,0,0,2,1,22,0,336,425,0,0,123,0,1,1,0,0,200,1,0,218,1545,0,0,1,0,2,4022,108,145,4321
2020-12-01,170,0,295,1,24,1,1,47,4,115,379,73,1,4,3,0,227,0,109,0,0,0,0,0,0,0,2,1,23,0,340,430,0,0,123,0,1,1,0,0,200,1,0,220,1549,0,0,1,0,2,4045,109,147,4348
2020-12-02,172,0,300,1,24,1,1,49,4,115,384,75,1,4,3,0,234,0,109,0,0,0,0,0,0,0,2,1,23,0,349,434,0,0,123,0,1,1,0,0,200,1,0,221,1558,0,0,1,0,2,4091,109,147,4394
2020-12-03,173,0,301,1,24,1,1,50,4,117,387,79,1,4,3,0,236,0,109,0,0,0,0,0,0,0,2,1,23,0,359,437,0,0,123,0,1,1,0,0,203,1,0,225,1573,0,0,1,0,2,4140,109,147,4443
2020-12-04,175,0,306,1,25,1,1,51,4,118,390,80,1,4,3,0,237,0,112,0,0,0,0,0,0,0,2,1,23,0,365,440,0,0,123,0,1,1,0,0,204,1,0,226,1591,0,0,1,0,2,4183,112,148,4490
2020-12-05,176,0,307,1,25,1,1,51,4,118,393,81,1,4,3,0,240,0,113,0,0,0,0,0,0,0,2,1,24,0,373,445,0,0,123,0,1,1,0,0,206,1,0,230,1602,0,0,1,0,2,4222,113,148,4531
2020-12-06,176,0,313,1,25,1,1,51,4,120,394,81,1,4,3,0,241,0,117,1,0,0,0,0,0,0,2,1,25,0,379,447,0,0,123,0,1,1,0,0,206,1,0,231,1616,0,0,1,0,2,4255,117,148,4570
2020-12-07,177,0,313,1,25,1,1,51,4,120,395,81,1,4,3,0,243,0,119,1,0,0,0,0,0,0,2,1,25,0,381,447,0,0,123,0,1,1,0,0,206,1,0,231,1620,0,0,1,0,2,4265,119,148,4582
2020-12-08,178,0,316,1,25,1,1,51,4,122,395,84,1,4,3,0,244,0,123,1,0,0,0,0,0,0,2,1,25,0,381,453,0,0,123,0,1,1,0,0,208,1,0,233,1623,0,0,1,0,2,4288,123,148,4609
2020-12-09,180,0,321,1,27,1,1,52,4,123,396,84,1,4,3,0,247,0,130,1,0,0,0,0,0,0,2,1,25,0,387,456,0,0,123,0,1,1,0,0,209,1,0,234,1633,0,0,1,0,2,4322,130,150,4652
2020-12-10,184,0,326,1,27,1,1,52,4,126,397,90,1,4,3,0,248,0,132,1,0,0,0,0,0,0,2,1,25,0,394,459,0,0,123,0,1,1,0,0,211,1,0,235,1643,0,0,1,0,2,4365,132,150,4697
2020-12-11,185,0,330,1,28,1,1,54,4,128,398,94,1,4,3,0,248,0,133,1,0,0,0,0,0,0,2,1,25,0,396,460,0,0,123,0,1,1,0,0,211,1,0,240,1651,0,0,1,0,2,4395,133,151,4729
2020-12-12,188,0,336,1,28,1,1,56,4,129,400,103,1,4,3,0,249,0,134,1,0,0,0,0,0,0,2,1,25,0,401,464,0,0,123,0,1,1,0,0,211,1,0,244,1664,0,0,1,0,2,4445,134,151,4780
2020-12-13,189,0,337,1,28,1,1,56,4,129,400,103,1,4,4,0,249,0,134,1,0,0,0,0,0,0,2,1,25,0,404,467,0,0,123,0,1,1,0,0,211,1,0,246,1673,0,0,1,0,2,4464,134,151,4800
2020-12-14,189,0,339,1,28,1,1,58,4,129,400,107,1,4,4,0,249,0,134,1,0,0,0,0,0,0,2,1,25,0,404,468,0,0,123,0,1,1,0,0,212,1,0,248,1680,0,0,1,0,2,4483,134,151,4819
2020-12-15,189,0,342,1,28,1,1,59,4,129,401,109,1,4,4,0,249,0,135,1,0,0,0,0,0,0,2,1,25,0,406,468,0,0,123,0,1,1,0,0,213,1,0,249,1689,0,0,1,0,2,4503,135,151,4840
2020-12-16,189,0,344,1,28,1,1,66,4,130,404,120,1,4,4,0,249,0,136,1,0,0,0,0,0,0,2,1,25,0,411,468,0,0,123,0,1,1,0,0,214,1,0,249,1694,0,0,1,0,2,4538,136,151,4876
2020-12-17,189,0,344,1,28,1,1,66,4,130,405,125,1,4,4,0,251,0,136,1,0,0,0,0,0,0,2,1,25,0,412,471,0,0,123,0,1,1,0,0,214,1,0,249,1700,0,0,1,0,2,4556,136,151,4894
2020-12-18,191,0,349,1,28,1,1,69,4,130,406,130,1,4,4,0,253,0,136,1,0,0,0,0,0,0,2,1,25,0,414,471,0,0,123,0,1,1,0,0,214,1,0,252,1709,0,0,1,0,2,4588,136,151,4926
2020-12-19,192,0,349,1,28,1,1,71,4,132,406,132,1,4,4,0,256,0,137,1,0,0,0,0,0,0,2,1,25,0,414,475,0,0,124,0,1,1,0,0,214,1,0,253,1712,0,0,1,0,2,4606,137,152,4946
2020-12-20,192,0,350,1,28,1,1,71,4,132,410,138,1,4,4,0,257,0,137,1,0,0,0,0,0,0,2,1,25,0,418,475,0,0,124,0,1,1,0,0,215,1,0,253,1716,0,0,1,0,2,4627,137,152,4967
2020-12-21,192,0,351,1,28,1,1,81,4,134,410,140,1,4,4,0,257,0,137,1,0,0,0,0,0,0,2,1,25,0,420,477,0,0,124,0,1,1,0,0,215,1,0,253,1718,0,0,1,0,2,4648,137,152,4988
2020-12-22,192,0,351,1,28,1,1,84,4,134,410,140,1,4,4,0,257,0,141,1,0,0,0,0,0,0,2,1,25,0,423,481,0,0,124,0,1,1,0,0,215,1,0,254,1724,0,0,1,0,2,4665,141,152,5009
2020-12-23,193,0,352,1,28,1,1,86,4,138,412,143,1,4,4,0,262,0,142,1,0,0,0,0,0,0,2,1,25,0,427,482,0,0,125,0,1,1,0,0,216,1,0,256,1731,0,0,1,0,2,4698,142,153,5044
2020-12-24,195,0,353,1,28,1,1,101,4,139,414,148,1,4,4,0,263,0,148,1,0,0,0,0,0,0,2,1,26,0,430,483,0,0,127,1,1,1,0,0,217,1,0,256,1737,0,0,1,0,2,4736,148,155,5092
2020-12-25,196,0,356,1,28,1,1,102,4,140,417,150,1,4,4,0,263,0,159,1,0,0,0,0,0,0,2,1,26,0,432,485,0,0,128,1,1,1,0,0,217,1,0,259,1748,0,0,1,0,2,4765,159,156,5133
2020-12-26,196,0,361,1,28,1,1,102,4,141,422,157,1,4,4,0,267,0,161,1,0,0,0,0,0,0,2,1,26,0,432,488,0,0,130,1,1,1,0,0,217,1,0,259,1755,0,0,1,0,2,4797,161,158,5169
2020-12-27,196,0,363,1,28,1,1,102,4,141,424,163,1,4,4,0,267,0,161,1,0,0,0,0,0,0,2,1,26,0,435,490,0,0,130,1,1,1,0,1,219,1,0,259,1767,0,0,1,0,2,4826,161,158,5199
2020-12-28,196,0,363,1,28,1,1,102,4,141,426,166,1,4,4,0,268,0,163,1,0,0,0,0,0,0,2,1,30,0,435,490,0,0,132,1,1,1,0,1,219,1,0,260,1773,0,0,1,0,2,4839,163,160,5220
2020-12-29,198,0,370,1,28,1,1,102,4,142,428,168,1,4,4,0,270,0,165,1,0,0,0,0,0,0,2,1,30,0,438,490,0,0,136,1,1,1,0,1,222,1,0,261,1782,0,0,1,0,2,4871,165,164,5258
2020-12-30,198,0,373,1,28,2,1,102,4,142,431,170,1,4,4,0,273,0,167,1,0,0,0,0,0,0,2,1,42,0,442,490,0,0,143,1,1,1,0,1,222,1,0,262,1791,0,0,1,0,2,4896,167,171,5305
2020-12-31,198,0,376,1,28,2,1,102,4,142,432,177,1,4,4,0,275,0,168,1,0,0,0,0,0,0,2,1,42,0,447,499,0,0,150,1,2,1,0,1,223,1,0,263,1811,0,0,1,0,2,4945,168,178,5363
2021-01-01,198,0,383,1,28,2,1,105,4,143,434,185,1,4,4,0,277,0,168,1,0,0,0,0,0,0,2,1,42,0,448,502,0,0,154,1,2,1,0,1,223,1,0,263,1828,0,0,1,0,2,4989,168,182,5411
2021-01-02,198,0,386,1,28,2,1,105,4,143,434,185,1,4,4,0,277,0,170,1,0,0,0,0,0,0,2,1,42,0,448,503,0,0,154,1,3,1,0,1,223,1,0,264,1832,0,0,1,0,2,4998,170,182,5423
2021-01-03,200,0,388,1,28,2,1,107,5,143,436,185,1,4,4,0,279,0,170,1,0,0,0,0,0,0,2,1,47,0,453,504,0,0,154,1,4,1,0,1,223,1,0,264,1836,0,0,1,0,2,5018,170,182,5450
2021-01-04,200,0,389,1,28,2,1,108,5,144,437,195,1,4,4,0,279,0,171,1,0,0,0,0,0,0,2,1,47,0,453,512,0,0,159,1,4,1,0,1,224,1,0,266,1841,0,0,1,0,2,5048,171,187,5486
2021-01-05,202,0,393,1,28,2,1,109,5,146,441,198,1,4,4,0,283,0,171,1,0,0,0,0,0,0,2,1,47,0,459,512,0,0,166,1,5,1,0,1,225,1,0,268,1857,0,0,1,0,2,5093,171,194,5539
2021-01-06,207,0,398,1,28,2,1,109,5,151,447,209,1,4,4,0,287,0,175,1,0,0,0,0,0,0,2,1,48,0,468,516,0,0,170,1,6,1,0,1,227,1,0,270,1866,0,0,1,0,2,5155,175,198,5611
2021-01-07,210,0,410,1,28,2,1,109,5,154,451,214,1,4,5,0,290,0,175,1,0,0,0,0,0,0,2,2,48,0,474,518,0,0,175,1,6,2,0,1,231,1,0,275,1877,0,0,1,0,2,5213,175,203,5677
2021-01-08,214,0,419,1,28,2,1,111,5,159,460,220,1,4,5,0,292,0,177,1,0,0,0,0,0,0,2,2,50,0,477,522,0,0,180,1,8,2,0,1,234,1,0,276,1900,0,0,1,0,2,5284,177,208,5759
2021-01-09,214,0,422,1,28,2,1,111,5,159,467,226,1,4,6,0,297,0,178,1,0,0,0,0,0,0,2,2,51,0,488,527,0,0,182,1,9,2,0,1,234,1,0,282,1921,0,0,1,0,2,5348,178,210,5829
2021-01-10,216,0,423,1,28,2,1,111,5,161,475,227,1,4,6,0,303,0,182,1,0,0,0,0,0,0,2,2,51,0,491,539,0,0,185,1,9,2,0,1,239,1,0,283,1947,0,0,1,0,2,5415,182,213,5903
2021-01-11,217,0,424,1,28,2,1,111,5,162,480,233,1,4,6,0,303,0,182,1,0,0,0,0,0,0,2,2,51,0,493,543,0,0,187,1,9,2,0,1,239,1,0,284,1965,0,0,1,0,2,5454,182,215,5944
2021-01-12,218,0,425,1,28,2,1,111,5,162,480,234,1,4,6,0,304,0,183,1,0,0,0,0,0,0,2,2,51,0,494,548,0,0,191,1,9,2,0,1,239,1,0,284,1977,0,0,1,0,2,5476,183,219,5971
2021-01-13,219,0,430,1,28,2,1,111,5,163,485,240,1,4,6,0,308,0,189,1,0,0,0,0,0,0,2,2,51,0,497,558,0,0,196,1,9,2,0,1,245,1,0,287,1988,0,0,1,0,2,5531,189,224,6037
2021-01-14,225,0,433,1,28,2,1,111,5,167,497,244,1,4,6,0,313,0,191,1,0,0,0,0,0,0,2,2,51,0,503,561,0,0,198,1,9,2,0,1,253,1,0,290,2000,0,0,1,0,2,5597,191,226,6107
2021-01-15,229,0,435,1,28,2,1,113,5,169,502,249,1,4,6,0,315,0,194,1,0,0,0,0,0,0,2,2,51,0,509,566,0,0,202,1,9,2,0,1,261,1,0,290,2025,0,0,1,0,2,5663,194,230,6180
2021-01-16,234,0,442,1,28,2,1,114,5,174,508,255,1,4,7,0,322,0,198,1,0,0,0,0,0,0,2,5,51,0,512,583,0,0,206,1,9,3,0,1,271,1,0,293,2071,0,0,1,0,2,5779,198,234,6309
2021-01-17,246,0,447,1,28,2,1,114,6,180,518,256,1,4,7,0,323,0,204,1,0,0,0,0,0,0,2,5,51,0,516,592,0,0,207,1,9,3,0,1,287,1,0,295,2086,0,0,1,0,2,5860,204,235,6398
2021-01-18,249,0,451,1,28,2,1,114,6,180,522,264,1,4,7,0,326,0,215,1,0,0,0,0,0,0,2,6,51,0,517,597,0,0,207,1,9,3,0,1,291,1,0,296,2108,0,0,1,0,2,5915,215,235,6465
2021-01-19,259,0,454,1,28,2,1,114,6,183,527,269,1,4,7,0,333,0,220,1,0,0,0,0,0,0,2,6,51,0,521,612,0,0,210,1,9,3,0,1,299,1,0,304,2145,0,0,1,0,2,6020,220,238,6578
2021-01-20,281,0,460,1,28,2,1,116,6,186,528,280,1,4,7,0,339,0,226,1,0,0,0,0,0,0,2,6,51,0,537,617,0,0,214,1,9,4,0,1,304,1,0,308,2163,0,0,1,1,2,6119,226,242,6689
2021-01-21,284,0,464,1,28,2,1,116,6,188,529,289,1,4,7,0,344,0,230,1,0,0,0,0,0,0,2,6,51,0,543,622,0,0,218,1,9,4,0,1,306,1,0,312,2181,0,0,1,1,2,6178,230,246,6756
2021-01-22,295,0,464,1,28,2,1,116,6,189,533,302,1,4,7,0,345,0,239,1,0,0,0,0,1,0,2,6,51,0,551,635,0,0,218,1,9,4,0,1,312,1,0,317,2212,0,0,1,1,2,6271,239,246,6859
2021-01-23,300,0,469,1,28,2,1,117,6,191,537,305,1,4,7,0,350,0,251,1,0,0,0,0,1,0,2,6,51,0,557,640,0,0,222,1,9,5,0,1,316,1,0,320,2231,0,0,1,1,2,6333,251,250,6938
2021-01-24,307,0,473,1,28,2,1,118,6,193,538,310,1,4,7,0,353,0,264,1,0,0,0,0,1,0,2,7,51,0,563,645,0,0,225,1,9,5,0,1,321,1,0,324,2247,0,0,1,1,2,6392,264,253,7014
2021-01-25,307,0,474,1,28,3,1,118,6,194,541,312,1,4,7,0,354,0,269,1,0,0,0,0,1,0,2,7,51,0,566,648,0,0,226,1,9,5,0,1,323,1,0,328,2261,0,0,1,1,2,6426,269,254,7055
2021-01-26,310,0,475,1,28,3,1,119,6,196,544,319,1,4,7,0,354,0,303,1,0,0,0,0,1,0,2,7,52,0,572,655,0,0,227,1,9,5,0,1,326,1,0,333,2271,0,0,1,1,2,6474,303,255,7139
2021-01-27,320,0,483,1,28,3,1,121,6,197,548,327,1,4,7,0,359,0,336,1,0,0,0,0,1,0,2,7,52,0,582,662,0,0,230,1,9,5,0,1,334,1,0,351,2285,0,0,1,1,2,6569,336,258,7270
2021-01-28,325,0,490,1,28,3,1,121,6,199,550,335,1,4,7,0,366,0,371,1,0,0,0,0,1,0,2,7,52,0,584,672,0,0,231,1,9,5,0,1,336,1,0,353,2298,0,0,1,1,2,6629,371,259,7366
2021-01-29,326,0,493,1,28,3,1,121,7,200,555,342,1,4,7,0,366,0,382,1,0,0,0,0,1,0,2,7,52,0,586,679,0,0,235,1,9,5,0,1,339,1,0,356,2313,0,0,1,1,2,6676,382,263,7429
2021-01-30,346,0,500,1,28,3,1,122,7,201,558,345,1,4,7,0,368,0,386,1,0,0,0,0,1,0,2,7,52,0,594,689,0,0,235,1,9,5,0,1,343,1,0,358,2324,0,0,1,1,2,6748,386,263,7505
2021-01-31,347,0,501,1,28,3,1,122,7,202,558,346,1,4,8,0,372,0,399,1,0,0,0,0,1,0,2,8,52,0,595,693,0,0,235,1,9,5,0,1,343,1,0,361,2332,0,0,1,1,2,6772,399,263,7544
2021-02-01,347,0,504,1,28,3,1,122,7,202,560,347,1,4,8,0,372,0,412,1,0,0,0,0,1,0,2,8,52,0,597,697,0,0,235,1,9,5,0,1,343,1,0,364,2339,0,0,1,1,2,6794,412,263,7579
2021-02-02,347,0,506,1,28,3,1,122,7,202,566,351,1,4,8,0,374,0,417,1,0,0,0,0,1,0,2,8,52,0,600,707,0,0,235,1,9,5,0,1,344,1,0,367,2349,0,0,1,1,2,6835,417,263,7625
2021-02-03,352,0,508,1,28,3,1,122,7,203,569,361,1,4,8,0,376,0,425,1,0,0,0,0,1,0,2,8,52,0,607,710,0,0,235,1,9,5,0,1,346,1,0,373,2359,0,0,1,1,2,6886,425,263,7684
2021-02-04,361,0,512,1,28,3,1,122,7,203,569,363,1,4,8,0,379,0,428,1,0,0,0,0,1,0,2,8,52,0,610,721,0,0,235,1,9,5,0,1,346,1,0,379,2376,0,0,1,1,2,6941,428,263,7742
2021-02-05,364,0,514,1,28,3,1,123,7,204,570,363,1,4,8,0,381,0,430,1,0,0,0,0,1,0,2,8,52,0,616,734,0,0,235,1,9,5,0,1,346,1,0,380,2385,0,0,1,1,2,6980,430,263,7783
2021-02-06,367,0,517,1,28,3,1,123,7,204,571,366,1,4,8,0,383,0,433,1,0,0,0,0,1,0,2,8,52,0,619,736,0,0,235,1,9,5,0,1,346,1,0,382,2395,0,0,1,1,2,7009,433,263,7815
2021-02-07,369,0,519,1,28,3,1,123,7,205,571,367,1,4,8,0,384,0,436,1,0,0,0,0,1,0,2,8,52,0,620,745,0,0,235,1,9,5,0,1,347,1,0,382,2401,0,0,1,1,2,7033,436,263,7842
2021-02-08,371,0,519,1,28,3,1,123,7,205,595,367,1,4,8,0,384,0,436,1,0,0,0,0,1,0,2,8,52,0,622,745,0,0,235,1,9,5,0,1,347,1,0,383,2412,0,0,1,1,2,7073,436,263,7882
2021-02-09,372,0,521,1,28,3,1,123,7,205,595,367,1,4,8,0,384,0,436,1,0,0,0,0,1,0,2,8,53,0,623,748,0,0,235,1,9,5,0,1,347,1,0,384,2422,0,0,1,1,2,7091,436,263,7901
2021-02-10,377,0,522,1,28,3,1,123,7,206,597,368,1,4,8,0,385,0,438,1,0,0,0,0,1,0,2,8,53,0,625,749,0,0,235,1,9,5,0,1,347,1,0,387,2430,0,0,1,1,2,7116,438,263,7928
2021-02-11,379,0,523,1,28,3,1,123,7,206,599,369,1,4,8,0,385,0,438,1,0,0,0,0,1,0,2,8,53,0,628,752,0,0,235,1,9,5,0,1,347,1,0,389,2432,0,0,1,1,2,7132,438,263,7944
2021-02-12,380,0,523,1,28,3,1,123,7,206,603,370,1,4,8,0,385,0,438,1,0,0,0,0,1,0,2,8,54,0,630,753,0,0,235,1,9,5,0,1,347,1,0,389,2438,0,0,1,1,2,7147,438,263,7960
2021-02-13,380,0,523,1,28,3,1,123,7,206,603,370,1,4,8,0,385,0,438,1,0,0,0,0,1,0,2,8,54,0,631,755,0,0,235,1,9,5,0,1,348,1,0,391,2443,0,0,1,1,2,7158,438,263,7971
2021-02-14,382,0,523,1,28,3,1,123,7,206,604,370,1,4,8,0,386,0,438,1,0,0,0,0,1,0,2,8,54,0,632,761,0,0,235,1,9,5,0,1,352,1,0,392,2445,0,0,1,1,2,7176,438,263,7989
2021-02-15,383,0,524,1,28,3,1,123,7,206,606,370,1,4,8,0,386,0,438,1,0,0,0,0,1,0,2,8,54,0,632,761,0,0,235,1,9,5,0,1,352,1,0,392,2446,0,0,1,1,2,7181,438,263,7994
2021-02-16,388,0,527,1,28,3,1,123,7,206,606,372,1,4,8,0,386,0,438,1,0,0,0,0,1,0,2,8,54,0,632,761,0,0,235,1,9,5,0,1,353,1,0,392,2448,0,0,1,1,2,7194,438,263,8007
2021-02-17,391,0,527,1,28,3,1,123,7,206,609,373,1,4,8,0,386,0,438,1,0,0,0,0,1,0,2,8,54,0,632,762,0,0,235,1,9,5,0,1,355,1,0,393,2457,0,0,1,1,2,7214,438,263,8027
2021-02-18,391,0,527,1,28,3,1,123,7,206,611,373,1,4,8,0,387,0,438,1,0,0,0,0,1,0,2,8,54,0,632,764,0,0,235,1,9,5,0,1,359,1,0,393,2465,0,0,1,1,2,7231,438,263,8044
2021-02-19,392,0,527,1,28,3,1,123,7,206,611,375,1,4,8,0,388,0,438,1,0,0,0,0,1,0,2,8,54,0,633,768,0,0,235,1,9,5,0,1,359,1,0,394,2473,0,0,1,1,2,7249,438,263,8062
2021-02-20,392,0,527,1,28,3,2,123,7,206,611,375,1,4,8,0,389,0,438,1,0,0,0,0,1,0,2,8,54,0,635,773,0,0,235,1,9,5,0,1,359,1,0,395,2476,0,0,1,1,2,7261,438,263,8075
2021-02-21,392,0,527,1,28,3,2,123,7,206,611,375,1,4,8,0,389,0,438,1,0,0,0,0,1,0,2,8,54,0,635,775,0,0,235,1,9,5,0,1,360,1,0,395,2480,0,0,1,1,2,7268,438,263,8082
2021-02-22,392,0,527,1,28,3,2,123,7,207,612,375,1,4,8,0,389,0,438,1,0,0,0,0,1,0,2,8,54,0,635,778,0,0,235,1,9,5,0,1,360,1,0,395,2485,0,0,1,1,2,7278,438,263,8092
2021-02-23,395,0,528,1,28,3,2,123,7,207,613,375,1,5,8,0,390,0,438,1,0,0,0,0,1,0,2,8,54,0,635,780,0,0,236,1,9,5,0,1,360,1,0,395,2492,0,0,1,1,2,7293,438,264,8109
2021-02-24,396,0,529,1,28,3,2,123,7,207,613,375,1,5,8,0,392,0,438,1,0,0,0,0,1,0,2,8,54,0,635,783,0,0,236,1,9,5,0,1,360,1,0,395,2497,0,0,1,1,2,7305,438,264,8121
2021-02-25,397,0,530,1,28,3,2,123,7,207,614,375,1,5,8,0,397,0,438,1,0,0,0,0,1,0,2,8,54,0,636,783,0,0,236,1,9,5,0,1,360,1,0,396,2502,0,0,1,1,2,7320,438,264,8136
2021-02-26,398,0,531,1,28,3,2,123,7,207,618,375,1,5,9,0,397,0,438,1,0,0,0,0,2,0,2,8,54,0,636,787,0,0,236,1,9,5,0,1,360,1,0,397,2512,0,0,1,1,2,7341,438,264,8159
2021-02-27,399,0,531,1,28,3,2,123,7,208,618,376,1,5,9,0,398,0,438,1,0,0,0,0,2,0,2,8,54,0,636,790,0,1,236,1,9,5,0,1,362,1,0,397,2521,0,0,1,1,2,7359,438,264,8178
2021-02-28,400,0,532,1,28,3,2,123,7,208,620,376,1,5,9,0,398,0,438,1,0,0,0,0,2,0,2,8,54,0,638,793,0,1,236,1,9,5,0,1,362,1,0,398,2526,0,0,1,1,2,7374,438,264,8193
2021-03-01,400,0,532,1,28,3,2,123,7,208,620,376,1,5,9,0,398,0,438,1,0,0,0,0,2,0,2,8,54,0,640,793,0,1,236,1,9,5,0,1,363,1,0,398,2530,0,0,1,1,2,7381,438,264,8200
2021-03-02,401,0,533,1,28,3,2,124,7,208,621,376,1,5,10,0,400,0,438,1,0,0,0,0,2,0,2,8,54,0,643,795,0,1,236,1,9,5,0,1,364,1,0,398,2534,0,0,1,1,2,7397,438,264,8217
2021-03-03,401,0,533,1,28,3,2,124,7,208,621,376,1,5,10,0,402,0,438,1,0,0,0,0,2,0,2,8,54,0,646,798,0,1,236,1,9,5,0,1,364,1,0,400,2542,0,0,1,1,2,7415,438,264,8235
2021-03-04,401,0,535,1,28,4,2,124,7,208,623,376,1,5,10,0,404,0,438,1,0,0,0,0,2,0,2,8,54,0,649,799,0,1,236,1,9,5,0,1,364,1,0,402,2557,0,0,1,1,2,7442,438,264,8263
2021-03-05,403,0,536,1,28,4,2,124,7,208,623,376,1,5,10,0,404,0,438,1,0,0,0,0,2,0,2,8,54,0,654,800,0,1,236,1,9,5,0,1,364,1,0,402,2561,0,0,1,1,2,7455,438,264,8276
2021-03-06,403,0,539,1,28,4,2,124,7,209,626,376,1,5,10,0,410,0,438,1,0,0,0,0,2,0,2,8,54,0,659,801,0,1,236,1,9,5,0,1,365,1,0,402,2568,0,0,1,1,2,7482,438,264,8303
2021-03-07,403,0,542,1,28,4,2,124,7,209,627,376,1,5,10,0,411,0,438,1,0,0,0,0,2,0,2,8,54,0,664,801,0,1,236,1,9,5,0,1,365,1,0,405,2573,0,0,1,1,2,7500,438,264,8321
2021-03-08,403,0,542,1,28,4,2,124,7,209,627,376,1,5,10,0,411,0,438,1,0,0,0,0,2,0,2,8,54,0,664,802,0,1,236,1,9,5,0,1,367,1,0,405,2577,0,0,1,1,2,7507,438,264,8328
2021-03-09,406,0,543,1,28,4,2,124,7,210,627,376,1,5,10,0,413,0,438,1,0,0,0,0,2,0,2,8,54,0,666,804,0,1,236,1,9,5,0,1,369,1,0,407,2584,0,0,1,1,2,7529,438,264,8350
2021-03-10,412,0,546,1,28,4,2,124,7,210,627,376,1,5,10,0,414,0,438,1,0,0,0,0,2,0,2,8,54,0,669,806,0,1,236,1,9,5,0,1,373,1,0,407,2591,0,0,1,1,2,7555,438,264,8376
2021-03-11,418,0,547,1,28,4,2,124,7,210,627,377,1,5,10,0,420,0,438,1,0,0,0,0,2,0,2,8,54,0,672,811,0,1,237,1,9,5,0,1,373,1,0,407,2597,0,0,1,1,2,7583,438,265,8405
2021-03-12,420,0,552,1,28,4,2,124,7,210,630,377,1,5,10,0,425,0,438,1,0,0,0,0,2,0,2,8,54,0,677,814,0,1,238,1,9,6,0,1,376,1,0,408,2606,0,0,1,1,2,7619,438,266,8443
2021-03-13,422,0,555,1,28,4,2,124,7,211,631,377,1,5,10,0,430,0,438,1,0,0,0,0,2,0,2,8,55,0,679,822,0,1,238,1,9,6,0,1,376,1,0,410,2611,0,0,1,1,2,7648,438,266,8473
2021-03-14,423,0,557,1,28,4,2,124,8,211,631,377,1,5,10,0,430,0,438,1,0,0,0,1,2,0,2,8,57,0,679,827,0,1,238,2,9,6,0,1,377,1,0,410,2620,0,0,1,1,2,7666,438,266,8496
2021-03-15,423,0,557,1,28,4,2,124,8,211,632,377,1,5,10,0,430,0,438,1,0,0,0,1,2,0,2,8,57,0,681,831,0,1,239,2,9,6,0,1,378,1,0,410,2627,0,0,1,1,2,7681,438,267,8512
2021-03-16,425,0,559,1,28,4,2,124,8,213,633,378,1,5,10,0,431,0,438,1,0,0,0,1,2,0,2,8,57,0,687,835,0,1,239,2,9,6,0,1,378,1,0,411,2634,0,0,1,1,2,7708,438,267,8539
2021-03-17,425,1,561,1,28,4,2,124,8,214,634,378,1,5,10,0,436,0,439,1,0,0,0,1,2,0,2,8,58,0,688,838,0,1,243,2,9,6,0,1,378,1,0,413,2647,0,0,1,1,2,7736,439,271,8574
2021-03-18,426,1,565,1,28,4,2,124,8,214,635,378,1,5,10,0,441,0,440,1,0,0,0,1,2,0,2,8,58,0,691,845,0,1,245,2,9,6,0,1,379,1,0,414,2664,0,0,1,1,2,7776,440,273,8617
2021-03-19,428,1,574,1,28,4,2,124,8,214,636,379,1,5,10,0,450,0,440,1,0,0,0,1,2,0,2,8,58,0,692,847,0,1,246,3,9,6,0,1,379,1,0,416,2679,0,0,1,1,2,7818,440,274,8661
2021-03-20,431,1,578,1,28,4,2,124,8,215,642,379,1,5,10,0,465,0,440,1,0,0,0,1,2,0,2,8,58,0,695,859,0,1,247,4,9,6,0,1,380,1,0,416,2697,0,0,1,1,2,7881,440,275,8726
2021-03-21,431,1,581,1,28,4,2,124,8,216,643,379,1,5,10,0,467,0,440,1,0,0,0,1,2,0,2,8,58,0,696,862,0,1,248,5,9,6,0,1,380,1,0,416,2708,0,0,1,1,2,7903,440,276,8750
2021-03-22,431,1,584,1,28,4,2,124,8,217,643,379,1,5,10,0,472,0,441,1,0,0,0,1,2,0,2,8,58,0,697,864,0,1,248,6,9,6,0,1,380,1,0,417,2711,0,0,1,1,2,7919,441,276,8768
2021-03-23,435,1,596,1,28,4,2,124,8,218,648,379,1,5,10,0,486,0,442,1,0,0,0,1,2,0,2,8,58,0,704,872,0,1,248,6,9,6,0,1,385,1,0,421,2725,0,0,1,1,2,7993,442,276,8843
2021-03-24,437,1,604,1,28,4,2,124,8,218,656,380,1,5,10,0,498,0,442,1,0,0,0,1,2,0,2,8,58,0,712,877,0,1,248,6,9,6,0,1,387,1,0,423,2745,0,0,1,1,2,8061,442,276,8911
2021-03-25,440,1,617,1,28,4,2,125,8,220,659,381,1,5,10,0,507,0,443,1,0,0,0,1,2,0,2,8,58,0,724,887,0,1,248,6,9,6,0,1,394,1,0,423,2760,0,0,1,1,2,8137,443,276,8988
2021-03-26,444,1,626,1,28,4,2,125,8,224,667,381,1,5,10,0,519,0,446,1,0,0,0,1,2,0,2,8,58,0,735,895,0,1,248,6,9,6,0,1,399,1,0,430,2777,0,0,1,1,2,8222,446,276,9076
2021-03-27,451,1,631,1,28,4,2,125,8,226,676,381,1,5,11,0,533,0,447,1,0,0,0,1,2,0,2,8,58,0,743,906,0,1,248,6,9,6,0,1,401,1,0,431,2814,0,0,1,1,2,8318,447,276,9174
2021-03-28,454,1,643,1,28,4,2,125,8,229,680,381,1,5,12,0,536,0,447,1,0,0,0,1,2,0,2,8,58,0,748,916,0,1,250,6,9,6,0,1,403,1,0,433,2835,0,0,1,1,2,8383,447,278,9242
2021-03-29,455,1,646,1,28,4,2,125,8,229,686,382,1,5,12,0,539,0,448,1,0,0,0,1,2,0,2,8,58,0,750,921,0,1,250,6,9,6,0,1,403,1,0,434,2854,0,0,1,1,2,8424,448,278,9284
2021-03-30,457,1,653,1,28,4,2,125,8,231,695,384,1,5,12,0,549,0,450,1,0,0,0,1,2,0,2,9,58,0,752,941,0,1,250,6,9,6,0,1,408,1,0,438,2875,0,0,1,1,2,8508,450,278,9371
2021-03-31,463,1,663,1,28,4,2,125,8,233,703,387,1,5,12,0,560,0,451,1,0,0,0,1,2,0,2,9,58,0,760,953,0,1,252,6,9,6,0,1,416,1,0,449,2904,0,0,1,1,2,8616,451,280,9482
2021-04-01,470,1,669,2,28,4,2,125,8,234,712,389,1,5,12,0,574,0,452,1,0,0,0,1,2,0,2,9,58,0,772,965,0,1,252,6,9,6,0,1,420,1,0,457,2920,0,0,1,1,2,8707,452,280,9575
2021-04-02,473,1,680,2,28,4,2,125,8,236,719,395,1,5,12,0,587,0,454,1,0,0,0,1,2,0,2,9,58,0,784,976,0,1,252,6,9,6,0,1,429,1,0,462,2941,0,0,1,1,2,8807,454,280,9677
2021-04-03,482,1,693,2,28,4,2,126,8,236,728,399,1,5,12,0,593,0,456,1,0,0,0,1,2,0,2,9,58,0,797,988,0,1,252,6,9,6,0,1,436,1,0,470,2974,0,0,1,1,2,8922,456,280,9794
2021-04-04,484,1,709,2,28,4,2,126,8,237,736,401,1,5,12,0,597,0,459,1,0,0,0,1,2,0,2,9,58,0,808,1005,0,1,253,6,9,6,0,1,439,1,0,473,2999,0,0,1,1,2,9014,459,281,9890
2021-04-05,484,1,709,2,28,4,2,126,8,239,740,402,1,5,12,0,601,0,462,1,0,0,0,1,2,0,2,9,58,0,810,1008,0,1,253,6,9,6,0,1,439,1,0,480,3023,0,0,1,1,2,9061,462,281,9940
2021-04-06,489,1,717,2,28,4,2,128,8,240,756,411,1,5,12,0,604,0,464,1,0,0,0,1,2,0,2,9,58,0,815,1020,0,1,254,6,9,6,0,1,441,1,0,484,3050,0,0,1,1,2,9155,464,282,10037
2021-04-07,503,1,728,2,28,4,2,128,8,246,771,414,1,5,13,0,619,0,464,1,0,0,0,1,2,0,2,9,58,0,836,1039,0,1,255,6,9,6,0,1,447,1,0,490,3086,0,0,1,1,2,9307,464,283,10191
2021-04-08,511,1,743,2,28,4,2,131,8,250,781,420,1,5,13,0,630,0,467,1,0,0,0,1,2,0,2,9,58,0,850,1048,0,1,255,6,9,6,0,1,452,1,0,495,3132,0,0,1,1,2,9443,467,283,10330
2021-04-09,511,1,743,2,28,4,2,131,8,250,781,420,1,5,13,0,630,0,467,1,0,0,0,1,2,0,2,9,58,0,851,1048,0,1,255,6,9,6,0,1,452,1,0,495,3132,0,0,1,1,2,9444,467,283,10331
2021-04-10,529,1,772,2,28,4,2,136,8,253,806,428,1,5,13,0,651,0,472,1,0,0,0,1,2,0,2,9,58,0,890,1065,0,1,261,7,9,6,0,1,461,1,0,510,3199,0,0,1,1,2,9700,472,289,10599
2021-04-11,531,1,783,2,28,4,2,136,8,259,815,428,1,5,13,0,655,0,473,1,0,0,0,1,2,0,2,9,58,0,899,1081,0,1,264,7,9,6,0,1,462,1,0,515,3218,0,0,1,1,2,9782,473,292,10685
2021-04-12,531,1,785,2,28,4,2,136,8,259,815,436,1,5,13,0,657,0,476,1,0,0,0,1,2,0,2,9,58,0,902,1084,0,1,265,7,9,6,0,1,463,1,0,517,3230,0,0,1,1,2,9815,476,293,10722
2021-04-13,534,1,794,2,28,4,2,139,8,267,826,443,1,5,13,0,665,0,481,1,0,0,0,1,2,0,2,9,58,0,914,1095,0,1,266,7,9,6,0,1,467,1,0,524,3264,0,0,1,1,2,9932,481,294,10845
2021-04-14,540,1,809,2,28,4,2,142,8,272,834,445,1,5,13,0,677,0,484,1,0,0,0,1,2,0,2,9,58,0,933,1105,0,1,266,8,9,6,0,1,473,1,0,529,3305,0,0,1,1,2,10064,484,294,10981
2021-04-15,546,1,814,2,28,4,2,149,8,275,849,453,1,5,13,0,686,0,487,1,0,0,0,1,2,0,2,9,58,0,944,1124,0,1,268,8,9,6,0,1,479,1,0,533,3338,0,0,1,1,2,10190,487,296,11112
2021-04-16,546,1,819,2,28,4,2,149,8,275,863,460,1,6,13,0,698,0,492,1,0,0,0,1,2,0,2,9,58,0,951,1132,0,1,275,8,9,6,0,1,482,1,0,538,3366,0,0,1,1,2,10279,492,303,11214
2021-04-17,549,1,831,2,28,4,2,152,8,279,876,466,1,6,14,0,720,0,504,1,0,0,0,1,3,0,2,9,58,0,961,1151,0,1,275,10,9,6,0,1,489,1,0,543,3412,0,0,1,1,2,10429,504,303,11380
2021-04-18,553,1,837,2,28,4,2,152,8,284,887,469,1,6,14,0,724,0,508,1,0,0,0,1,3,0,2,9,58,0,965,1158,0,1,275,10,9,6,0,1,497,1,0,552,3438,0,0,1,1,2,10516,508,303,11471
2021-04-19,554,1,837,2,28,4,2,153,8,284,893,469,1,6,14,0,725,0,520,1,0,0,0,1,3,0,2,9,58,0,966,1163,0,1,275,11,9,6,0,1,499,1,0,553,3454,0,0,1,1,2,10550,520,303,11518
2021-04-20,554,1,839,2,28,4,2,156,8,286,907,470,1,6,14,0,728,0,527,1,0,0,0,1,3,0,2,9,58,0,981,1174,0,1,277,12,9,6,0,1,509,1,0,562,3486,0,0,1,1,2,10652,527,305,11630
2021-04-21,558,1,844,2,28,4,2,158,8,292,920,472,1,6,14,0,733,0,538,1,0,0,0,1,3,0,2,9,58,0,990,1177,0,1,278,12,9,6,0,1,514,1,0,568,3505,0,0,1,1,2,10731,538,306,11721
2021-04-22,560,1,849,2,28,4,2,161,8,299,932,473,1,6,14,0,737,0,555,1,0,0,0,1,3,0,2,9,58,0,996,1189,0,1,278,12,9,6,0,1,516,1,0,578,3543,0,0,1,1,2,10833,555,306,11840
2021-04-23,562,1,853,2,28,4,2,163,8,301,946,474,1,6,14,0,739,0,568,1,0,0,0,1,3,0,3,9,58,0,1000,1196,0,1,280,12,9,6,0,1,520,1,0,583,3565,0,0,1,1,2,10902,568,308,11925
2021-04-24,566,1,860,2,28,4,2,165,8,308,973,479,1,6,14,0,744,0,572,1,0,0,0,1,3,0,4,9,58,0,1005,1206,0,1,280,12,9,6,0,1,524,1,0,586,3595,0,0,1,1,2,11011,572,308,12039
2021-04-25,569,1,862,2,28,4,2,165,8,309,981,480,1,6,14,0,749,0,577,1,0,0,0,1,4,0,4,9,58,0,1007,1213,0,1,284,12,9,6,0,1,529,1,0,589,3614,0,0,1,1,2,11067,577,312,12105
2021-04-26,569,1,863,2,28,4,2,166,8,310,982,482,1,6,14,0,750,0,590,1,0,0,0,1,4,0,4,9,58,0,1008,1215,0,1,284,12,9,6,0,1,533,1,0,596,3624,0,0,1,1,2,11098,590,312,12149
2021-04-27,571,1,868,2,28,4,2,172,8,311,991,483,1,6,14,0,755,0,592,1,0,0,0,1,4,0,4,9,58,0,1013,1225,0,1,284,12,9,6,0,1,537,1,0,603,3652,0,0,1,1,2,11181,592,312,12234
2021-04-28,572,1,878,2,28,4,2,175,8,313,998,487,1,6,14,0,760,0,596,1,0,0,0,1,4,0,4,9,58,0,1017,1228,0,1,284,12,10,6,0,1,539,1,0,604,3667,0,0,1,1,2,11238,596,312,12296
2021-04-29,574,1,879,2,28,4,2,175,8,314,1004,487,1,6,14,0,762,0,603,1,0,0,0,1,4,0,4,9,58,0,1018,1229,0,1,284,12,10,6,0,1,542,1,0,604,3678,0,0,1,1,2,11266,603,312,12331
2021-04-30,574,1,879,2,28,4,2,175,8,314,1004,487,1,6,14,0,762,0,603,1,0,0,0,1,4,0,4,9,58,0,1018,1229,0,1,284,12,10,6,0,1,542,1,0,604,3678,0,0,1,1,2,11266,603,312,12331
2021-05-01,590,1,886,2,28,4,2,179,8,321,1034,493,1,6,14,0,765,0,616,1,0,0,0,1,4,0,4,9,58,0,1036,1245,0,1,285,12,10,6,0,1,550,1,1,618,3734,0,0,1,1,3,11451,616,313,12532
2021-05-02,601,1,886,2,28,4,2,180,8,323,1043,495,1,6,14,0,765,0,618,1,0,0,0,1,4,0,4,9,59,0,1042,1250,0,1,285,12,10,6,0,1,551,1,1,618,3750,0,0,1,1,3,11504,618,313,12588
2021-05-03,603,1,887,2,28,4,2,180,8,323,1049,495,1,6,14,0,765,0,627,1,0,0,0,1,4,0,4,9,59,0,1045,1253,0,1,285,12,10,6,0,1,556,1,1,619,3777,0,0,1,1,3,11552,627,313,12645
2021-05-04,606,1,888,2,28,4,2,180,8,323,1053,495,1,6,14,0,767,0,627,1,0,0,0,1,4,0,4,9,59,0,1047,1253,0,1,286,12,10,6,0,1,556,1,1,619,3797,0,0,1,1,3,11584,627,314,12678
2021-05-05,618,1,893,2,28,4,2,180,8,326,1061,495,1,6,15,0,772,0,633,1,0,0,0,1,4,0,4,9,61,0,1049,1254,0,1,287,12,10,6,0,1,557,1,1,622,3810,0,0,1,1,3,11637,633,315,12741
2021-05-06,619,1,894,2,28,4,2,180,8,327,1062,495,1,6,15,0,775,0,637,1,0,0,0,1,4,0,4,9,61,0,1051,1256,0,1,291,12,10,6,0,1,558,1,1,627,3824,0,0,1,1,3,11668,637,319,12780
2021-05-07,620,1,896,2,28,4,2,183,8,331,1074,497,1,6,15,0,778,0,642,1,0,0,0,1,4,0,4,9,62,0,1055,1259,0,1,297,13,10,6,0,1,559,1,1,632,3853,0,0,1,1,3,11737,642,325,12862
2021-05-08,628,1,902,2,28,4,2,186,8,332,1088,499,1,6,15,0,782,0,644,1,0,0,0,1,4,0,4,9,62,0,1057,1266,0,1,300,15,10,6,0,1,560,1,1,640,3883,0,0,1,1,3,11823,644,328,12955
2021-05-09,632,1,925,2,28,4,2,187,8,335,1098,501,1,6,15,0,786,0,646,1,0,0,0,1,4,0,4,10,62,0,1057,1270,0,1,306,26,10,6,0,1,562,1,1,646,3907,0,0,1,1,3,11906,646,334,13058
2021-05-10,633,1,926,2,28,4,2,187,8,339,1104,501,1,6,16,0,791,0,648,1,0,0,0,1,4,0,4,10,62,0,1059,1271,0,1,310,26,10,6,0,1,562,1,1,647,3915,0,0,1,1,3,11935,648,338,13094
2021-05-11,637,1,929,2,28,5,2,189,8,340,1116,505,1,6,17,0,799,0,652,1,0,0,0,1,4,0,4,10,62,0,1066,1280,0,1,318,26,10,6,0,1,566,1,1,651,3973,0,0,1,1,3,12051,652,346,13224
2021-05-12,646,1,938,2,28,5,2,191,8,341,1120,509,1,6,17,0,804,0,654,1,0,0,0,1,4,0,4,10,62,0,1076,1284,0,1,325,26,10,6,0,1,569,1,1,655,3999,0,0,1,1,3,12132,654,353,13314
2021-05-13,652,1,944,2,28,5,2,193,8,348,1130,512,1,6,17,0,813,0,656,1,0,0,0,1,4,0,4,11,63,0,1082,1296,0,1,337,26,10,6,0,1,574,1,1,660,4056,0,0,1,1,3,12260,656,365,13458
2021-05-14,660,1,954,2,29,5,2,193,8,352,1136,520,1,6,17,0,821,0,661,1,0,0,0,1,4,0,4,11,63,0,1086,1304,0,1,353,26,10,6,0,1,575,1,1,664,4107,0,0,1,1,3,12372,661,382,13592
2021-05-15,668,1,968,4,30,5,2,194,8,354,1147,526,1,6,19,0,832,0,665,1,0,0,0,1,4,0,4,11,63,0,1096,1315,1,1,363,26,10,6,0,1,580,1,1,672,4160,0,0,1,1,3,12512,665,393,13752
2021-05-16,673,1,971,4,30,5,2,194,8,358,1152,530,1,6,19,0,836,0,665,1,0,0,0,1,4,0,4,11,63,0,1104,1322,1,1,371,26,10,6,0,1,582,1,1,675,4184,0,0,1,1,3,12581,665,401,13829
2021-05-17,674,1,972,4,31,5,2,195,8,362,1152,530,1,6,19,0,837,0,670,1,0,0,0,1,4,0,4,11,63,0,1107,1326,1,1,379,26,10,7,0,1,582,1,1,680,4207,0,1,1,1,3,12624,670,410,13888
2021-05-18,680,1,985,4,31,6,2,195,8,364,1166,533,1,6,19,0,852,0,671,1,0,0,0,1,4,0,4,11,63,0,1117,1344,1,1,386,26,10,7,0,1,593,1,1,684,4270,0,1,1,1,3,12783,671,417,14056
2021-05-19,705,1,997,4,31,6,2,195,8,367,1175,536,1,6,19,1,871,0,673,1,0,0,0,1,4,0,4,11,64,0,1138,1360,1,1,399,26,10,7,0,1,596,1,1,698,4330,0,1,1,1,3,12968,673,430,14258
2021-05-20,724,1,1011,4,31,6,2,195,8,370,1184,540,1,7,19,1,882,0,680,1,0,0,0,1,4,0,4,11,64,0,1156,1369,1,1,417,26,10,7,0,1,605,1,1,703,4400,0,1,1,1,3,13139,680,448,14455
2021-05-21,740,1,1023,4,31,6,2,195,8,376,1194,541,1,7,19,1,898,0,687,1,0,0,0,1,4,0,4,11,64,0,1183,1384,1,1,435,26,10,7,0,1,614,1,1,708,4465,0,1,1,1,3,13321,687,466,14662
2021-05-22,750,1,1040,4,31,6,2,195,8,379,1207,545,1,7,19,1,929,0,697,1,0,0,0,1,4,0,4,11,64,0,1206,1402,1,2,443,26,10,7,0,1,619,1,1,717,4543,0,1,1,1,4,13532,697,474,14893
2021-05-23,761,1,1048,4,31,6,2,196,8,381,1215,548,1,7,19,1,936,0,714,1,0,0,0,1,4,0,4,11,64,0,1219,1416,1,2,449,26,10,7,0,1,622,1,1,726,4597,0,1,1,1,4,13665,714,480,15049
2021-05-24,766,1,1051,4,32,6,2,196,8,384,1221,549,1,7,19,1,940,0,719,1,0,0,0,1,4,0,4,11,64,0,1229,1426,1,2,461,26,10,7,0,1,622,1,1,728,4639,0,1,1,1,4,13751,719,493,15153
2021-05-25,771,1,1065,4,35,6,2,196,8,390,1233,559,1,8,20,1,964,0,735,1,0,0,0,1,4,0,4,11,64,0,1262,1447,1,2,476,26,10,7,0,1,630,1,1,742,4712,0,1,1,1,4,13971,735,511,15409
2021-05-26,797,1,1091,4,35,6,2,197,8,395,1249,566,1,8,20,1,983,0,746,1,0,0,0,1,4,0,4,11,64,0,1306,1484,1,2,486,26,10,7,0,1,645,1,1,757,4781,0,1,1,1,4,14251,746,521,15710
2021-05-27,809,1,1104,4,37,6,2,198,8,400,1264,576,1,8,20,1,1002,0,753,1,0,0,0,1,4,0,4,11,64,0,1337,1508,1,2,502,26,10,7,0,1,650,1,1,763,4855,0,1,1,1,4,14466,753,539,15950
2021-05-28,838,1,1127,4,37,6,2,198,8,402,1284,581,1,8,20,1,1035,0,761,1,0,0,0,1,4,0,4,11,64,0,1383,1534,1,2,516,26,10,7,0,1,665,1,1,773,4935,0,1,1,1,4,14755,761,553,16261
2021-05-29,855,1,1145,4,40,6,2,198,8,402,1313,595,1,8,20,1,1068,0,775,1,0,0,0,1,4,0,4,11,64,0,1442,1566,1,2,532,26,10,7,0,1,671,1,1,784,5017,0,1,1,1,4,15056,775,572,16595
2021-05-30,868,1,1168,4,40,6,2,198,8,408,1339,601,1,9,20,1,1090,0,780,1,0,0,0,1,4,0,4,11,64,0,1463,1597,1,2,542,27,10,7,0,1,673,1,1,794,5111,0,1,1,1,4,15310,780,582,16866
2021-05-31,875,1,1173,4,40,6,2,198,8,410,1343,606,1,9,20,1,1092,0,788,1,0,0,0,1,4,0,4,11,64,0,1473,1612,1,2,567,27,10,8,0,1,674,1,1,797,5165,0,1,1,1,4,15418,788,607,17008
2021-06-01,889,1,1184,4,40,6,2,198,8,413,1359,608,1,9,20,1,1117,0,796,1,0,0,0,1,4,0,4,11,64,0,1497,1644,1,2,581,27,10,8,0,1,679,1,1,810,5217,0,1,1,1,4,15615,796,621,17227
2021-06-02,917,1,1207,4,40,6,2,200,8,415,1377,615,1,9,20,1,1145,0,816,1,0,0,0,1,4,0,4,11,64,0,1534,1677,1,2,594,28,10,8,0,1,682,1,1,820,5288,0,1,1,1,4,15877,816,634,17523
2021-06-03,938,1,1229,4,40,6,2,200,8,419,1400,629,1,9,20,1,1165,0,822,1,0,0,0,1,4,0,4,11,64,0,1560,1697,1,2,606,29,10,8,0,1,688,1,1,833,5344,0,1,1,1,4,16102,822,646,17767
2021-06-04,962,1,1260,4,40,6,2,200,8,423,1413,634,1,9,20,1,1180,0,831,1,0,0,0,1,4,0,4,11,64,0,1601,1718,1,2,623,30,10,8,0,1,690,1,1,842,5397,0,1,1,1,4,16320,831,663,18012
2021-06-05,981,1,1276,4,40,6,2,200,8,427,1430,640,1,9,20,1,1200,0,843,1,0,0,0,1,4,0,4,11,65,0,1629,1750,1,2,636,30,10,8,0,1,696,1,1,852,5474,0,1,1,1,4,16555,843,676,18273
2021-06-06,994,1,1294,4,40,6,2,200,8,430,1438,645,1,9,20,1,1212,0,849,1,0,0,0,1,4,0,4,11,65,0,1664,1765,1,2,639,30,10,8,0,1,702,1,1,859,5526,0,1,1,1,4,16729,849,679,18456
2021-06-07,997,1,1302,4,40,6,2,200,8,432,1444,649,1,9,20,1,1219,0,852,1,0,0,0,1,4,0,4,11,65,0,1668,1775,1,2,641,30,10,8,0,1,706,1,1,869,5567,0,1,1,1,4,16828,852,681,18560
2021-06-08,1008,1,1316,4,40,6,2,200,8,436,1456,654,1,9,20,1,1231,0,854,1,0,0,0,1,4,0,4,11,65,0,1697,1798,1,2,645,30,10,8,0,1,709,1,1,875,5600,0,1,1,1,4,16980,854,685,18718
2021-06-09,1033,1,1331,4,40,6,2,201,8,438,1464,660,1,9,20,1,1240,0,862,1,0,0,0,1,4,0,4,11,65,0,1725,1812,1,2,650,30,10,8,0,1,713,1,1,883,5641,0,1,1,1,4,17141,862,690,18892
2021-06-10,1056,1,1340,4,40,6,2,202,9,439,1479,664,1,9,20,1,1259,0,865,1,0,0,0,1,4,0,4,11,65,0,1749,1830,1,2,655,30,10,8,0,1,716,1,1,894,5670,0,1,1,1,4,17298,865,695,19058
2021-06-11,1074,1,1347,4,40,6,2,205,9,442,1483,673,1,9,20,1,1267,0,870,1,0,0,0,1,4,0,4,11,65,0,1774,1844,1,2,664,30,10,8,0,1,717,1,1,898,5705,0,1,1,1,4,17429,870,704,19203
2021-06-12,1093,1,1353,4,40,6,2,210,9,446,1490,678,1,9,20,1,1281,0,871,1,0,0,0,1,4,0,4,11,65,0,1806,1857,1,2,671,30,10,8,0,1,724,1,1,901,5738,0,1,1,1,4,17577,871,711,19359
2021-06-13,1111,1,1358,4,40,6,2,211,9,454,1492,680,1,9,20,1,1286,0,873,1,0,0,0,1,4,0,4,11,65,0,1823,1862,1,2,675,30,10,8,0,1,729,1,1,905,5764,0,1,1,1,4,17675,873,715,19463
2021-06-14,1116,1,1360,4,40,6,2,211,9,454,1496,681,1,9,20,1,1288,0,879,1,0,0,0,1,4,0,4,11,65,0,1826,1866,1,2,676,30,10,8,0,1,730,1,1,905,5789,0,1,1,1,4,17722,879,716,19517
2021-06-15,1123,1,1368,4,40,6,2,213,9,454,1502,687,1,9,20,1,1302,0,880,1,0,0,0,1,4,0,4,11,65,0,1845,1873,1,2,679,30,10,8,0,1,736,1,1,908,5814,0,1,1,1,4,17825,880,719,19624
2021-06-16,1140,1,1380,4,40,6,2,213,9,454,1508,691,1,9,20,1,1313,0,884,1,0,0,0,1,4,0,4,11,65,0,1863,1883,1,2,680,30,10,8,0,1,739,1,1,911,5840,0,1,1,1,4,17935,884,720,19739
2021-06-17,1151,1,1385,4,40,6,2,217,9,457,1509,697,1,9,20,1,1324,0,890,1,0,0,0,1,4,0,4,11,65,0,1876,1895,1,2,683,30,10,8,0,1,742,1,1,914,5856,0,1,1,1,4,18023,890,723,19836
2021-06-18,1157,1,1391,4,40,6,2,217,9,462,1511,699,1,9,20,1,1330,0,892,1,0,0,0,1,4,0,4,11,65,0,1887,1904,1,2,684,30,10,8,0,1,746,1,1,915,5886,0,1,1,1,4,18105,892,724,19921
2021-06-19,1164,1,1405,4,40,6,2,219,9,466,1518,702,1,9,20,1,1340,0,892,1,0,0,0,1,4,0,4,11,66,0,1896,1920,1,2,684,30,10,8,0,1,749,1,1,915,5906,0,1,1,1,4,18200,892,724,20017
2021-06-20,1169,1,1410,4,40,6,2,219,9,469,1520,704,1,9,20,1,1344,0,895,1,0,0,0,1,4,0,4,11,66,0,1898,1931,1,2,684,30,10,8,0,1,753,1,1,921,5920,0,1,1,1,4,18258,895,724,20078
2021-06-21,1170,1,1415,4,40,6,2,219,9,471,1520,704,1,9,20,1,1346,0,896,1,0,0,0,1,4,0,4,11,66,0,1898,1936,1,2,684,30,10,8,0,1,753,1,1,921,5937,0,1,1,1,4,18290,896,724,20111
2021-06-22,1179,1,1426,4,40,6,2,222,9,476,1528,705,1,9,20,1,1358,0,897,1,0,0,0,1,4,0,4,11,66,0,1904,1957,1,2,685,30,10,8,0,1,754,1,1,923,5953,0,1,1,1,4,18385,897,725,20208
2021-06-23,1186,1,1441,4,41,6,2,222,9,477,1539,705,1,9,20,1,1362,0,897,1,0,0,0,1,4,0,4,11,66,0,1919,1973,1,2,685,30,10,8,0,1,756,1,1,925,5975,0,1,1,1,4,18480,897,726,20304
2021-06-24,1194,1,1444,4,41,6,2,222,9,479,1542,706,1,9,20,1,1365,0,899,1,0,0,0,1,4,0,4,11,66,0,1923,1979,1,2,685,30,10,8,0,1,762,1,1,926,5998,0,1,1,1,4,18540,899,726,20366
2021-06-25,1205,1,1451,4,41,6,2,222,9,480,1553,708,1,9,20,1,1372,0,900,1,0,0,0,1,4,0,4,11,66,0,1933,1984,1,2,686,30,10,8,0,1,765,1,1,928,6019,0,1,1,1,4,18620,900,727,20448
2021-06-26,1214,1,1466,4,41,6,2,222,9,484,1560,710,1,9,20,1,1380,0,901,1,0,0,0,1,4,0,4,11,66,0,1938,1988,1,2,691,30,10,8,0,1,767,1,1,929,6030,0,1,1,1,4,18688,901,732,20522
2021-06-27,1220,1,1474,4,41,6,2,222,9,486,1568,711,1,9,20,1,1386,0,901,1,0,0,0,1,4,0,4,11,66,0,1943,1991,1,2,692,30,10,8,0,1,772,1,1,930,6045,0,1,1,1,4,18748,901,733,20583
2021-06-28,1220,1,1475,4,41,6,2,222,9,486,1573,711,1,9,20,1,1388,0,901,1,0,0,0,1,4,0,4,11,66,0,1946,1993,1,2,693,30,10,8,0,1,772,1,1,930,6056,0,1,1,1,4,18772,901,734,20608
2021-06-29,1236,1,1482,4,41,6,2,222,9,488,1577,713,1,9,20,1,1393,0,902,1,0,0,0,1,4,0,4,11,66,0,1953,1999,1,2,695,30,10,8,0,1,773,1,1,935,6082,0,1,1,1,4,18853,902,736,20692
2021-06-30,1240,1,1496,4,41,6,2,222,9,489,1585,713,1,9,20,1,1402,0,902,1,0,0,0,1,4,0,4,11,66,0,1956,2002,1,2,697,30,10,8,0,1,777,1,1,936,6100,0,1,1,1,4,18918,902,738,20759
2021-07-01,1247,1,1500,4,41,6,2,222,9,493,1594,713,1,9,20,1,1406,0,906,1,0,0,0,1,4,0,4,11,66,0,1959,2007,1,2,697,30,10,8,0,1,777,1,1,936,6123,0,1,1,1,4,18977,906,738,20822
2021-07-02,1256,1,1507,4,41,6,2,222,9,493,1600,714,1,9,20,1,1409,0,906,1,0,0,0,1,4,0,4,11,66,0,1963,2016,1,2,698,30,10,8,0,1,780,1,1,938,6139,0,1,1,1,4,19037,906,739,20883
2021-07-03,1263,1,1517,4,41,6,2,224,9,494,1605,719,1,9,20,1,1410,0,907,1,0,0,0,1,4,0,4,11,66,0,1967,2023,1,2,700,30,10,9,0,1,787,1,1,942,6158,0,1,1,1,4,19109,907,741,20959
2021-07-04,1263,1,1524,4,41,6,2,226,9,494,1608,719,1,9,20,1,1413,0,908,1,0,0,0,1,4,0,4,11,66,0,1969,2027,1,2,700,30,10,9,0,1,787,1,1,942,6170,0,1,1,1,4,19142,908,741,20993
2021-07-05,1263,1,1525,4,41,6,2,226,9,495,1609,721,1,9,20,1,1416,0,908,1,0,0,0,1,4,0,4,11,66,0,1969,2029,1,2,701,30,10,9,0,1,787,1,1,943,6186,0,1,1,1,4,19169,908,742,21021
2021-07-06,1268,1,1534,4,42,6,2,226,9,495,1611,725,1,9,20,1,1420,0,910,1,0,0,0,1,4,0,4,11,66,0,1973,2033,1,2,703,30,10,9,0,1,791,1,1,943,6207,0,1,1,1,4,19226,910,745,21083
2021-07-07,1270,1,1541,4,42,6,2,226,9,497,1617,731,1,9,20,1,1426,0,911,1,0,0,0,1,4,0,4,11,67,0,1978,2035,1,2,704,30,10,9,0,1,793,1,1,946,6221,0,1,1,1,4,19281,911,746,21141
2021-07-08,1272,1,1544,4,45,6,2,226,9,498,1621,738,1,9,20,1,1428,0,912,1,0,0,0,1,4,0,4,11,68,0,1978,2037,1,2,705,30,10,9,0,1,794,1,1,946,6228,0,1,1,1,4,19310,912,750,21176
2021-07-09,1277,1,1551,4,45,6,2,226,9,499,1624,744,1,9,20,1,1428,0,922,1,0,0,0,1,4,0,4,11,68,0,1982,2040,1,2,705,30,10,9,0,1,795,1,1,947,6242,0,1,1,1,4,19355,922,750,21231
2021-07-10,1279,1,1568,4,45,6,2,227,9,500,1628,751,1,9,20,1,1431,0,924,1,0,0,0,1,4,0,4,11,68,0,1988,2046,1,2,705,30,10,9,0,1,797,1,1,951,6251,0,1,1,1,4,19417,924,750,21295
2021-07-11,1280,1,1573,4,46,6,2,227,9,502,1630,755,1,9,20,1,1433,0,924,1,0,0,0,1,4,0,4,11,68,0,1990,2049,1,2,705,30,10,9,0,1,797,1,1,951,6258,0,1,1,1,4,19445,924,751,21324
2021-07-12,1281,1,1578,4,46,6,2,227,9,502,1631,757,1,9,20,1,1434,0,925,1,0,0,0,1,4,0,4,11,68,0,1990,2051,1,2,705,30,10,9,0,1,799,1,1,952,6270,0,1,1,1,4,19472,925,751,21352
2021-07-13,1289,1,1593,4,46,6,2,230,9,502,1636,759,1,9,21,1,1442,0,926,1,0,0,0,1,4,0,4,11,68,0,1997,2052,1,2,705,30,10,9,0,1,800,1,1,953,6282,0,1,1,1,4,19535,926,751,21417
2021-07-14,1294,1,1600,4,46,6,2,231,9,503,1643,760,1,9,21,1,1451,0,931,1,0,0,0,1,4,0,4,11,68,0,2008,2055,1,2,705,30,10,9,0,1,807,1,1,954,6307,0,1,1,1,4,19613,931,751,21500
2021-07-15,1299,1,1604,4,46,6,2,233,9,504,1645,762,1,9,21,1,1454,0,933,1,0,0,0,1,4,0,4,11,68,0,2024,2059,1,2,705,30,10,9,0,1,810,1,1,956,6321,0,1,1,1,4,19671,933,751,21560
2021-07-16,1309,1,1615,4,46,6,2,233,9,507,1647,762,1,9,21,1,1457,0,936,1,0,0,0,1,4,0,4,11,68,0,2033,2064,1,3,706,31,10,10,0,1,818,1,1,956,6339,0,1,1,1,4,19740,936,752,21636
2021-07-17,1317,1,1628,4,46,6,2,234,10,509,1650,771,1,9,21,1,1461,0,944,1,0,0,0,1,4,0,4,11,68,0,2042,2068,1,3,706,31,10,10,0,1,820,1,1,957,6355,0,1,1,1,4,19812,944,752,21717
2021-07-18,1322,1,1632,4,46,6,2,236,10,512,1655,782,1,9,21,1,1467,0,947,1,0,0,0,1,4,0,4,11,69,0,2045,2073,1,3,706,31,10,10,0,1,823,1,1,962,6369,0,1,1,1,4,19878,947,752,21787
2021-07-19,1323,1,1634,4,46,6,2,238,10,513,1659,785,1,9,21,1,1467,0,951,1,0,0,0,1,4,0,4,11,69,0,2046,2074,1,3,706,31,10,10,0,1,824,1,1,962,6384,0,1,1,1,4,19909,951,752,21822
2021-07-20,1333,1,1653,4,46,6,2,240,10,513,1666,798,1,9,21,1,1479,0,952,1,0,0,0,1,4,0,4,11,69,0,2069,2090,1,3,706,31,10,10,0,1,830,1,1,969,6422,0,1,1,1,4,20062,952,752,21976
2021-07-21,1353,1,1677,4,46,6,2,242,10,516,1676,805,1,9,21,1,1486,0,959,1,0,0,0,1,4,0,4,11,69,0,2085,2107,1,3,706,31,10,10,0,1,836,1,1,979,6462,0,1,1,1,4,20224,959,752,22145
2021-07-22,1365,1,1695,4,46,6,2,243,10,519,1683,811,1,9,21,1,1497,0,960,1,0,0,0,1,4,0,4,11,70,0,2108,2118,1,3,708,31,10,10,0,1,845,1,1,994,6495,0,1,1,1,4,20373,960,754,22298
2021-07-23,1379,1,1698,4,46,6,2,244,10,522,1694,819,1,9,21,1,1500,0,960,1,0,0,0,1,4,0,4,11,70,0,2116,2122,1,3,708,31,10,10,0,1,848,1,1,998,6533,0,1,1,1,4,20473,960,754,22398
2021-07-24,1400,1,1707,4,46,6,2,247,10,524,1699,823,1,9,21,1,1500,0,960,1,0,0,0,1,4,0,4,11,70,0,2121,2135,1,3,708,31,10,10,0,1,850,1,1,1001,6565,0,1,1,1,4,20572,960,754,22497
2021-07-25,1419,1,1737,4,46,6,2,247,10,527,1715,834,1,9,21,1,1514,0,960,1,0,0,0,1,4,0,4,11,70,0,2139,2156,1,3,711,31,10,10,0,1,859,1,1,1009,6622,0,1,1,1,4,20778,960,757,22706
2021-07-26,1434,1,1743,4,46,6,2,247,10,528,1723,837,1,9,23,1,1517,0,964,1,0,0,0,1,4,0,4,11,70,0,2147,2173,1,3,712,31,10,10,0,1,862,1,1,1014,6661,0,1,1,2,4,20886,964,758,22822
2021-07-27,1469,1,1792,4,46,7,2,250,10,535,1741,851,1,9,23,1,1541,0,969,1,0,0,0,1,4,0,4,11,70,0,2192,2201,1,4,718,31,10,10,0,1,885,1,1,1039,6731,0,1,1,2,4,21227,969,764,23176
2021-07-28,1542,1,1818,4,46,7,4,251,10,541,1767,859,1,9,24,1,1562,0,973,1,0,0,0,1,4,0,4,11,71,0,2224,2235,1,4,726,31,10,10,0,1,901,1,1,1049,6809,0,1,1,2,4,21558,973,772,23523
2021-07-29,1592,1,1859,4,46,7,4,252,11,546,1793,871,1,9,24,1,1592,0,980,1,0,0,0,1,4,0,4,11,71,0,2269,2272,1,4,728,31,10,10,0,1,917,1,1,1074,6900,0,1,1,2,6,21937,980,774,23914
2021-07-30,1656,1,1883,4,46,7,4,256,11,552,1823,883,1,9,25,1,1631,0,984,1,0,0,0,1,4,0,4,12,71,0,2311,2289,1,5,729,31,11,10,0,1,931,1,1,1085,7010,0,1,1,2,6,22310,984,775,24296
2021-07-31,1722,1,1925,4,46,8,5,259,11,562,1844,895,1,9,25,1,1655,0,991,1,0,0,0,1,4,0,4,12,72,0,2394,2323,1,5,733,31,12,10,0,1,945,1,1,1108,7102,0,1,1,2,6,22734,991,779,24735
2021-08-01,1774,1,1955,7,46,8,5,261,11,572,1876,901,1,9,25,1,1669,0,996,1,0,0,0,1,4,0,4,13,74,0,2440,2348,1,5,736,31,13,10,0,1,955,1,1,1125,7209,0,1,1,2,6,23085,996,782,25101
2021-08-02,1791,1,1959,7,46,8,5,262,11,582,1895,904,1,10,25,1,1679,0,1004,1,0,0,0,1,4,0,4,13,74,0,2464,2377,1,5,738,31,13,11,0,1,960,1,1,1130,7280,0,1,1,2,6,23283,1004,784,25311
2021-08-03,1857,1,1992,7,46,8,6,265,11,587,1933,916,1,12,25,1,1707,0,1016,1,0,0,0,1,4,0,5,15,74,0,2528,2425,1,6,742,31,13,11,0,1,983,2,1,1154,7379,0,1,1,2,6,23726,1016,788,25778
2021-08-04,1926,1,2043,7,46,8,6,274,12,602,1982,925,1,12,25,1,1738,0,1027,1,0,0,0,1,4,0,5,15,77,0,2624,2473,2,6,750,33,13,11,0,1,1006,2,1,1188,7521,0,1,1,2,6,24302,1027,796,26380
2021-08-05,2038,1,2113,7,49,8,6,285,12,611,2021,941,1,13,26,1,1788,0,1038,1,0,0,0,1,4,0,5,15,79,0,2714,2520,2,6,763,33,14,11,0,1,1024,3,1,1211,7651,0,1,1,2,6,24917,1038,812,27028
2021-08-06,2111,1,2171,7,49,8,6,288,12,618,2047,955,1,13,26,1,1820,0,1054,1,0,0,0,1,4,0,7,15,80,0,2806,2565,2,6,769,33,15,11,0,1,1044,3,2,1238,7792,0,1,1,2,6,25455,1054,818,27593
2021-08-07,2169,1,2221,7,52,8,6,295,12,632,2089,975,1,13,27,1,1859,0,1072,1,0,0,0,1,5,0,7,15,80,0,2876,2606,2,6,779,34,16,11,0,1,1062,3,2,1253,7931,0,1,1,2,6,25968,1072,831,28141
2021-08-08,2232,1,2271,7,53,8,6,301,12,638,2121,1002,1,13,27,1,1883,0,1083,1,0,0,0,1,5,0,7,15,81,0,2977,2657,2,6,791,35,18,11,0,1,1077,3,2,1272,8083,0,1,1,2,6,26514,1083,844,28715
2021-08-09,2259,1,2303,8,53,8,7,301,12,642,2140,1011,1,13,27,1,1895,0,1096,2,0,0,0,1,5,0,7,16,82,0,3004,2678,2,6,804,37,18,11,0,1,1080,3,2,1281,8219,0,1,1,2,6,26813,1096,857,29047
2021-08-10,2284,1,2319,8,55,8,7,304,12,652,2157,1023,1,14,27,1,1907,0,1128,2,0,0,0,1,5,0,7,16,83,0,3047,2706,2,6,822,38,20,11,0,1,1086,3,2,1296,8307,0,1,1,2,6,27088,1128,877,29379
2021-08-11,2350,2,2388,8,56,8,7,314,12,667,2200,1044,1,14,29,1,1951,0,1144,2,0,0,0,1,5,0,7,17,86,0,3159,2754,2,6,841,39,20,11,0,1,1098,3,2,1329,8428,0,1,1,2,6,27682,1144,897,30017
2021-08-12,2455,2,2480,8,59,10,7,323,12,677,2244,1063,1,15,29,1,1997,0,1167,2,0,0,0,1,5,0,7,17,87,0,3276,2791,2,6,856,40,21,12,0,1,1110,3,2,1374,8576,0,1,1,2,6,28366,1167,915,30749
2021-08-13,2532,2,2553,8,65,11,7,332,12,687,2279,1089,1,16,29,1,2044,0,1207,2,0,0,0,1,5,0,7,18,90,0,3346,2829,2,6,877,40,23,12,0,1,1133,3,3,1427,8760,0,1,1,2,6,29011,1207,942,31470
2021-08-14,2595,2,2629,8,80,11,7,334,14,698,2326,1115,1,17,29,1,2091,0,1244,2,0,0,0,1,5,0,7,20,93,0,3440,2892,2,6,899,40,24,14,0,1,1157,3,3,1455,8945,0,1,2,2,6,29677,1244,979,32222
2021-08-15,2673,2,2707,8,85,11,7,341,14,713,2349,1137,1,20,30,2,2130,0,1284,2,0,0,1,1,5,0,7,20,97,0,3523,2924,2,6,922,40,24,16,0,1,1168,3,3,1483,9110,0,1,2,2,6,30258,1284,1007,32883
2021-08-16,2695,2,2728,8,91,11,7,341,14,721,2361,1149,1,20,30,2,2142,0,1309,2,0,0,1,1,5,0,7,20,97,0,3547,2969,2,7,947,40,25,16,0,1,1173,3,3,1494,9219,0,1,2,2,6,30539,1309,1038,33222
2021-08-17,2753,2,2781,9,91,11,7,347,14,737,2391,1168,1,21,31,2,2201,0,1351,2,0,0,1,1,5,0,7,21,98,0,3652,3038,2,7,966,45,26,16,0,1,1194,3,3,1518,9371,0,1,2,2,6,31151,1351,1057,33906
2021-08-18,2818,2,2899,10,91,11,7,352,14,757,2451,1196,1,24,33,2,2256,0,1387,2,0,0,1,1,5,0,7,21,101,0,3754,3073,2,7,982,46,26,16,0,1,1226,3,3,1545,9522,0,1,2,2,7,31849,1387,1073,34667
2021-08-19,2896,2,2989,10,92,11,7,362,14,766,2496,1215,1,24,33,2,2311,0,1422,2,0,0,1,1,5,0,7,22,102,0,3846,3156,2,7,991,47,26,16,0,1,1252,3,3,1576,9704,0,1,2,2,7,32569,1422,1083,35435
2021-08-20,2989,2,3066,10,98,11,7,375,14,786,2531,1241,1,25,34,2,2355,0,1444,3,1,0,1,1,5,0,7,22,102,0,3930,3217,2,7,1008,50,26,17,1,1,1271,3,3,1604,9892,1,1,2,2,7,33257,1444,1106,36178
2021-08-21,3036,2,3132,10,98,12,7,386,17,802,2577,1257,1,25,38,2,2412,0,1486,3,1,0,1,1,5,0,7,22,102,0,4018,3262,2,7,1027,51,27,17,1,1,1290,3,3,1628,10064,1,1,2,2,7,33864,1486,1125,36856
2021-08-22,3079,2,3188,10,98,12,7,396,17,817,2610,1281,1,25,38,2,2445,0,1499,3,1,1,1,1,5,1,7,23,105,0,4074,3324,2,7,1043,52,27,18,1,1,1311,3,3,1657,10230,2,1,2,2,7,34412,1499,1141,37442
2021-08-23,3103,2,3215,10,98,12,7,403,18,820,2620,1297,1,25,39,2,2458,0,1516,3,1,1,1,1,5,1,7,23,105,0,4088,3349,2,7,1052,52,27,19,1,1,1318,3,3,1666,10326,2,1,2,2,7,34663,1516,1150,37722
2021-08-24,3159,2,3274,10,100,13,7,413,18,841,2684,1324,1,25,40,2,2507,0,1547,3,1,1,1,1,5,1,7,25,107,0,4188,3418,2,7,1085,52,29,19,2,1,1344,3,3,1698,10487,3,1,2,2,7,35337,1547,1185,38472
2021-08-25,3237,2,3363,10,103,14,7,422,18,851,2733,1356,1,25,40,2,2567,0,1586,3,1,2,1,1,5,1,7,25,107,0,4278,3460,2,7,1108,62,29,21,2,1,1369,3,3,1736,10693,3,1,2,2,9,36065,1586,1211,39281
2021-08-26,3310,2,3421,10,103,14,7,435,18,864,2778,1390,1,25,42,2,2613,0,1611,3,1,2,1,1,5,1,7,25,109,0,4359,3528,2,7,1129,62,29,21,2,1,1395,3,3,1757,10844,4,1,2,2,9,36694,1611,1232,39961
2021-08-27,3385,2,3489,10,137,14,7,446,18,880,2820,1425,1,25,42,2,2656,0,1645,3,1,2,1,1,5,1,7,26,112,0,4411,3565,2,7,1150,63,31,21,2,1,1429,3,3,1786,10997,4,1,2,2,9,37289,1645,1287,40652
2021-08-28,3442,2,3562,10,143,14,7,454,18,893,2851,1470,1,27,43,2,2713,0,1669,4,1,2,1,1,5,1,7,28,115,1,4479,3621,2,7,1165,68,31,22,2,1,1451,3,3,1798,11150,4,1,2,2,9,37884,1669,1308,41308
2021-08-29,3511,2,3630,10,147,14,7,466,18,903,2894,1516,1,27,43,2,2750,0,1685,4,1,2,1,1,5,1,7,28,115,1,4523,3660,2,7,1181,69,31,22,2,1,1474,3,3,1812,11288,4,1,2,2,9,38427,1685,1328,41888
2021-08-30,3531,2,3646,10,150,15,7,472,18,910,2901,1526,1,27,43,2,2758,0,1696,4,2,2,1,1,5,1,7,28,115,1,4527,3673,2,8,1192,69,31,22,2,1,1479,3,3,1817,11363,5,1,2,2,11,38603,1696,1342,42095
2021-08-31,3581,2,3729,10,154,16,7,487,18,922,2937,1552,1,27,43,2,2790,0,1704,4,2,2,1,1,5,1,7,28,115,1,4601,3717,2,8,1208,69,31,22,2,1,1509,3,3,1835,11468,5,1,2,2,11,39128,1704,1362,42649
2021-09-01,3656,2,3808,10,163,16,7,496,18,937,2979,1580,1,27,43,2,2835,0,1717,4,2,2,1,1,5,1,7,28,116,1,4657,3747,2,8,1218,70,31,22,2,1,1519,3,3,1849,11566,5,1,2,2,11,39629,1717,1381,43184
2021-09-02,3710,2,3873,10,166,16,7,508,18,949,3018,1626,1,27,44,2,2872,3,1735,4,2,2,1,1,5,1,7,28,116,1,4721,3779,2,8,1228,73,31,22,2,1,1548,3,3,1862,11689,6,1,2,2,11,40155,1738,1394,43749
2021-09-03,3771,2,3933,10,170,16,7,524,18,958,3055,1664,1,27,44,2,2896,4,1752,4,2,2,1,1,5,1,7,28,116,1,4779,3814,2,8,1238,74,31,22,2,1,1566,3,3,1880,11789,6,1,2,2,11,40629,1756,1408,44256
2021-09-04,3822,2,3988,10,177,16,7,545,18,967,3085,1715,1,27,44,2,2952,4,1758,4,2,2,1,1,5,1,7,28,117,1,4840,3858,2,8,1264,74,32,22,2,1,1581,3,3,1900,11892,7,1,2,2,11,41145,1762,1441,44814
2021-09-05,3848,2,4034,10,177,16,7,558,18,970,3111,1740,1,27,44,2,2996,4,1761,4,2,2,1,1,5,1,7,28,117,1,4878,3888,2,8,1268,74,33,22,2,1,1603,3,3,1909,11969,7,1,2,2,11,41504,1765,1445,45181
2021-09-06,3853,2,4041,10,177,16,7,558,18,979,3125,1754,1,27,44,2,3003,4,1764,4,2,2,1,1,5,1,7,28,117,1,4890,3903,2,8,1276,74,33,22,2,1,1614,3,3,1911,12029,7,1,2,2,11,41660,1768,1453,45348
2021-09-07,3887,2,4072,10,177,16,7,564,18,991,3155,1788,1,27,44,2,3042,4,1772,4,2,2,1,1,5,1,7,28,117,1,4932,3938,2,8,1285,74,33,22,2,1,1643,3,3,1922,12092,7,1,2,2,11,42026,1776,1462,45731
2021-09-08,3914,2,4118,10,179,16,7,569,18,995,3182,1806,1,28,44,2,3083,4,1777,4,2,2,1,1,5,1,7,28,117,1,4990,3975,2,8,1291,74,33,23,2,1,1655,3,3,1936,12201,7,1,2,2,11,42424,1781,1470,46144
2021-09-09,3933,2,4143,10,181,16,7,582,18,1000,3208,1825,1,28,44,2,3107,4,1780,4,2,2,1,1,5,1,7,29,118,1,5022,4014,2,8,1301,75,33,23,2,1,1675,3,3,1946,12287,7,1,2,2,11,42742,1784,1482,46480
2021-09-10,3952,2,4171,10,181,16,7,589,18,1005,3236,1844,1,28,44,2,3129,4,1789,4,2,2,1,1,5,1,7,29,118,1,5051,4035,2,8,1303,75,33,23,2,1,1679,3,3,1962,12379,7,1,2,2,11,43032,1793,1484,46781
2021-09-11,3975,2,4190,10,182,17,7,595,18,1014,3259,1857,1,28,45,2,3152,4,1797,4,2,2,1,1,5,1,7,29,118,1,5077,4067,2,8,1305,75,33,23,2,1,1700,3,3,1972,12431,7,1,2,2,11,43289,1801,1487,47051
2021-09-12,3993,2,4206,10,182,17,7,601,18,1021,3290,1876,1,29,45,2,3169,4,1797,4,2,2,1,1,5,1,7,29,118,1,5099,4102,2,8,1306,75,33,23,2,1,1706,3,3,1976,12521,7,1,2,2,11,43560,1801,1488,47324
2021-09-13,4004,2,4213,10,182,17,7,602,18,1025,3296,1881,1,29,46,2,3177,4,1798,4,2,2,1,1,5,1,7,29,118,1,5114,4123,2,8,1310,75,33,23,2,1,1707,3,3,1978,12574,7,1,2,2,11,43694,1802,1492,47464
2021-09-14,4020,2,4229,10,182,17,7,610,18,1037,3318,1894,1,29,46,2,3202,4,1801,4,2,2,1,1,5,1,7,29,118,1,5153,4156,2,8,1319,75,33,24,2,1,1733,3,3,1991,12622,7,1,2,2,11,43965,1805,1501,47748
2021-09-15,4036,2,4245,10,182,17,7,618,18,1051,3340,1905,1,29,46,2,3220,4,1809,4,2,2,1,1,5,1,7,29,118,1,5170,4173,2,8,1335,75,33,24,2,1,1747,3,3,1992,12699,7,1,2,2,11,44196,1813,1517,48003
2021-09-16,4052,2,4267,10,182,17,7,621,18,1057,3352,1916,1,29,46,2,3256,4,1809,4,2,2,1,1,5,1,7,29,118,1,5195,4190,2,8,1339,75,33,24,2,1,1755,3,3,1997,12763,7,1,2,2,11,44421,1813,1521,48232
2021-09-17,4070,2,4287,10,182,17,7,626,19,1069,3367,1930,1,29,46,2,3265,4,1811,4,2,2,1,1,5,1,7,29,118,1,5207,4203,2,8,1345,75,35,24,2,1,1767,3,3,2004,12800,7,1,2,2,11,44595,1815,1527,48417
2021-09-18,4084,2,4300,10,183,17,7,631,19,1075,3379,1947,1,29,47,3,3281,4,1812,4,2,2,1,1,5,1,7,29,118,1,5219,4219,2,8,1351,75,35,24,2,1,1775,3,3,2016,12832,7,1,2,2,11,44758,1816,1534,48590
2021-09-19,4093,2,4310,10,183,17,7,633,19,1078,3386,1952,1,29,47,3,3287,4,1812,4,2,2,1,1,5,1,7,29,118,1,5225,4228,2,8,1354,75,35,24,2,1,1782,3,3,2021,12870,7,1,2,2,11,44865,1816,1537,48700
2021-09-20,4101,2,4315,10,183,17,7,635,19,1081,3391,1954,1,29,47,3,3293,4,1814,4,2,2,1,1,5,1,7,29,118,1,5229,4234,2,8,1356,75,35,24,2,1,1784,3,3,2023,12901,7,1,2,2,11,44941,1818,1539,48780
