openDate,うるま市,三重県,中部保健所管内,京都府,佐賀県,八重山保健所管内,兵庫県,北海道,北部保健所管内,千葉県,南城市,南部保健所管内,名護市,和歌山県,埼玉県,大分県,大阪府,奈良県,宜野湾市,宮古保健所管内,宮古島市,宮城県,宮崎県,山口県,山形県,山梨県,岐阜県,岡山県,島根県,広島県,愛知県,新潟県,東京都,栃木県,沖縄市,浦添市,滋賀県,熊本県,石垣市,石川県,確認中,神奈川県,福井県,福岡県,福島県,秋田県,糸満市,群馬県,茨城県,豊見城市,那覇市,長崎県,静岡県,非公表,香川県,高知県,鹿児島県,沖縄本島,宮古諸島,八重山諸島,全体
2020-02-14,0,0,0,0,0,0,0,0,0,0,0,1,0,0,0,0,0,0,0,0,0,0,0,0,0,0,0,0,0,0,0,0,0,0,0,0,0,0,0,0,0,0,0,0,0,0,0,0,0,0,0,0,0,0,0,0,0,1,0,0,1
2020-02-15,0,0,0,0,0,0,0,0,0,0,0,0,0,0,0,0,0,0,0,0,0,0,0,0,0,0,0,0,0,0,0,0,0,0,0,0,0,0,0,0,0,0,0,0,0,0,0,0,0,0,0,0,0,0,0,0,0,0,0,0,0
2020-02-16,0,0,0,0,0,0,0,0,0,0,0,0,0,0,0,0,0,0,0,0,0,0,0,0,0,0,0,0,0,0,0,0,0,0,0,0,0,0,0,0,0,0,0,0,0,0,0,0,0,0,0,0,0,0,0,0,0,0,0,0,0
2020-02-17,0,0,0,0,0,0,0,0,0,0,0,0,0,0,0,0,0,0,0,0,0,0,0,0,0,0,0,0,0,0,0,0,0,0,0,0,0,0,0,0,0,0,0,0,0,0,0,0,0,0,0,0,0,0,0,0,0,0,0,0,0
2020-02-18,0,0,0,0,0,0,0,0,0,0,0,0,0,0,0,0,0,0,0,0,0,0,0,0,0,0,0,0,0,0,0,0,0,0,0,0,0,0,0,0,0,0,0,0,0,0,0,0,0,0,0,0,0,0,0,0,0,0,0,0,0
2020-02-19,0,0,0,0,0,0,0,0,0,0,0,0,0,0,0,0,0,0,0,0,0,0,0,0,0,0,0,0,0,0,0,0,0,0,0,0,0,0,0,0,0,0,0,0,0,0,0,0,0,0,1,0,0,0,0,0,0,1,0,0,1
2020-02-20,0,0,0,0,0,0,0,0,0,0,0,0,0,0,0,0,0,0,0,0,0,0,0,0,0,0,0,0,0,0,0,0,0,0,0,0,0,0,0,0,0,0,0,0,0,0,0,0,0,1,0,0,0,0,0,0,0,1,0,0,1
2020-02-21,0,0,0,0,0,0,0,0,0,0,0,0,0,0,0,0,0,0,0,0,0,0,0,0,0,0,0,0,0,0,0,0,0,0,0,0,0,0,0,0,0,0,0,0,0,0,0,0,0,0,0,0,0,0,0,0,0,0,0,0,0
2020-02-22,0,0,0,0,0,0,0,0,0,0,0,0,0,0,0,0,0,0,0,0,0,0,0,0,0,0,0,0,0,0,0,0,0,0,0,0,0,0,0,0,0,0,0,0,0,0,0,0,0,0,0,0,0,0,0,0,0,0,0,0,0
2020-02-23,0,0,0,0,0,0,0,0,0,0,0,0,0,0,0,0,0,0,0,0,0,0,0,0,0,0,0,0,0,0,0,0,0,0,0,0,0,0,0,0,0,0,0,0,0,0,0,0,0,0,0,0,0,0,0,0,0,0,0,0,0
2020-02-24,0,0,0,0,0,0,0,0,0,0,0,0,0,0,0,0,0,0,0,0,0,0,0,0,0,0,0,0,0,0,0,0,0,0,0,0,0,0,0,0,0,0,0,0,0,0,0,0,0,0,0,0,0,0,0,0,0,0,0,0,0
2020-02-25,0,0,0,0,0,0,0,0,0,0,0,0,0,0,0,0,0,0,0,0,0,0,0,0,0,0,0,0,0,0,0,0,0,0,0,0,0,0,0,0,0,0,0,0,0,0,0,0,0,0,0,0,0,0,0,0,0,0,0,0,0
2020-02-26,0,0,0,0,0,0,0,0,0,0,0,0,0,0,0,0,0,0,0,0,0,0,0,0,0,0,0,0,0,0,0,0,0,0,0,0,0,0,0,0,0,0,0,0,0,0,0,0,0,0,0,0,0,0,0,0,0,0,0,0,0
2020-02-27,0,0,0,0,0,0,0,0,0,0,0,0,0,0,0,0,0,0,0,0,0,0,0,0,0,0,0,0,0,0,0,0,0,0,0,0,0,0,0,0,0,0,0,0,0,0,0,0,0,0,0,0,0,0,0,0,0,0,0,0,0
2020-02-28,0,0,0,0,0,0,0,0,0,0,0,0,0,0,0,0,0,0,0,0,0,0,0,0,0,0,0,0,0,0,0,0,0,0,0,0,0,0,0,0,0,0,0,0,0,0,0,0,0,0,0,0,0,0,0,0,0,0,0,0,0
2020-02-29,0,0,0,0,0,0,0,0,0,0,0,0,0,0,0,0,0,0,0,0,0,0,0,0,0,0,0,0,0,0,0,0,0,0,0,0,0,0,0,0,0,0,0,0,0,0,0,0,0,0,0,0,0,0,0,0,0,0,0,0,0
2020-03-01,0,0,0,0,0,0,0,0,0,0,0,0,0,0,0,0,0,0,0,0,0,0,0,0,0,0,0,0,0,0,0,0,0,0,0,0,0,0,0,0,0,0,0,0,0,0,0,0,0,0,0,0,0,0,0,0,0,0,0,0,0
2020-03-02,0,0,0,0,0,0,0,0,0,0,0,0,0,0,0,0,0,0,0,0,0,0,0,0,0,0,0,0,0,0,0,0,0,0,0,0,0,0,0,0,0,0,0,0,0,0,0,0,0,0,0,0,0,0,0,0,0,0,0,0,0
2020-03-03,0,0,0,0,0,0,0,0,0,0,0,0,0,0,0,0,0,0,0,0,0,0,0,0,0,0,0,0,0,0,0,0,0,0,0,0,0,0,0,0,0,0,0,0,0,0,0,0,0,0,0,0,0,0,0,0,0,0,0,0,0
2020-03-04,0,0,0,0,0,0,0,0,0,0,0,0,0,0,0,0,0,0,0,0,0,0,0,0,0,0,0,0,0,0,0,0,0,0,0,0,0,0,0,0,0,0,0,0,0,0,0,0,0,0,0,0,0,0,0,0,0,0,0,0,0
2020-03-05,0,0,0,0,0,0,0,0,0,0,0,0,0,0,0,0,0,0,0,0,0,0,0,0,0,0,0,0,0,0,0,0,0,0,0,0,0,0,0,0,0,0,0,0,0,0,0,0,0,0,0,0,0,0,0,0,0,0,0,0,0
2020-03-06,0,0,0,0,0,0,0,0,0,0,0,0,0,0,0,0,0,0,0,0,0,0,0,0,0,0,0,0,0,0,0,0,0,0,0,0,0,0,0,0,0,0,0,0,0,0,0,0,0,0,0,0,0,0,0,0,0,0,0,0,0
2020-03-07,0,0,0,0,0,0,0,0,0,0,0,0,0,0,0,0,0,0,0,0,0,0,0,0,0,0,0,0,0,0,0,0,0,0,0,0,0,0,0,0,0,0,0,0,0,0,0,0,0,0,0,0,0,0,0,0,0,0,0,0,0
2020-03-08,0,0,0,0,0,0,0,0,0,0,0,0,0,0,0,0,0,0,0,0,0,0,0,0,0,0,0,0,0,0,0,0,0,0,0,0,0,0,0,0,0,0,0,0,0,0,0,0,0,0,0,0,0,0,0,0,0,0,0,0,0
2020-03-09,0,0,0,0,0,0,0,0,0,0,0,0,0,0,0,0,0,0,0,0,0,0,0,0,0,0,0,0,0,0,0,0,0,0,0,0,0,0,0,0,0,0,0,0,0,0,0,0,0,0,0,0,0,0,0,0,0,0,0,0,0
2020-03-10,0,0,0,0,0,0,0,0,0,0,0,0,0,0,0,0,0,0,0,0,0,0,0,0,0,0,0,0,0,0,0,0,0,0,0,0,0,0,0,0,0,0,0,0,0,0,0,0,0,0,0,0,0,0,0,0,0,0,0,0,0
2020-03-11,0,0,0,0,0,0,0,0,0,0,0,0,0,0,0,0,0,0,0,0,0,0,0,0,0,0,0,0,0,0,0,0,0,0,0,0,0,0,0,0,0,0,0,0,0,0,0,0,0,0,0,0,0,0,0,0,0,0,0,0,0
2020-03-12,0,0,0,0,0,0,0,0,0,0,0,0,0,0,0,0,0,0,0,0,0,0,0,0,0,0,0,0,0,0,0,0,0,0,0,0,0,0,0,0,0,0,0,0,0,0,0,0,0,0,0,0,0,0,0,0,0,0,0,0,0
2020-03-13,0,0,0,0,0,0,0,0,0,0,0,0,0,0,0,0,0,0,0,0,0,0,0,0,0,0,0,0,0,0,0,0,0,0,0,0,0,0,0,0,0,0,0,0,0,0,0,0,0,0,0,0,0,0,0,0,0,0,0,0,0
2020-03-14,0,0,0,0,0,0,0,0,0,0,0,0,0,0,0,0,0,0,0,0,0,0,0,0,0,0,0,0,0,0,0,0,0,0,0,0,0,0,0,0,0,0,0,0,0,0,0,0,0,0,0,0,0,0,0,0,0,0,0,0,0
2020-03-15,0,0,0,0,0,0,0,0,0,0,0,0,0,0,0,0,0,0,0,0,0,0,0,0,0,0,0,0,0,0,0,0,0,0,0,0,0,0,0,0,0,0,0,0,0,0,0,0,0,0,0,0,0,0,0,0,0,0,0,0,0
2020-03-16,0,0,0,0,0,0,0,0,0,0,0,0,0,0,0,0,0,0,0,0,0,0,0,0,0,0,0,0,0,0,0,0,0,0,0,0,0,0,0,0,0,0,0,0,0,0,0,0,0,0,0,0,0,0,0,0,0,0,0,0,0
2020-03-17,0,0,0,0,0,0,0,0,0,0,0,0,0,0,0,0,0,0,0,0,0,0,0,0,0,0,0,0,0,0,0,0,0,0,0,0,0,0,0,0,0,0,0,0,0,0,0,0,0,0,0,0,0,0,0,0,0,0,0,0,0
2020-03-18,0,0,0,0,0,0,0,0,0,0,0,0,0,0,0,0,0,0,0,0,0,0,0,0,0,0,0,0,0,0,0,0,0,0,0,0,0,0,0,0,0,0,0,0,0,0,0,0,0,0,0,0,0,0,0,0,0,0,0,0,0
2020-03-19,0,0,0,0,0,0,0,0,0,0,0,0,0,0,0,0,0,0,0,0,0,0,0,0,0,0,0,0,0,0,0,0,0,0,0,0,0,0,0,0,0,0,0,0,0,0,0,0,0,0,0,0,0,0,0,0,0,0,0,0,0
2020-03-20,0,0,0,0,0,0,0,0,0,0,0,0,0,0,0,0,0,0,0,0,0,0,0,0,0,0,0,0,0,0,0,0,0,0,0,0,0,0,0,0,0,0,0,0,0,0,0,0,0,0,0,0,0,0,0,0,0,0,0,0,0
2020-03-21,0,0,0,0,0,0,0,0,0,0,0,0,0,0,0,0,0,0,0,0,0,0,0,0,0,0,0,0,0,0,0,0,0,0,0,0,0,0,0,0,0,0,0,0,0,0,0,0,0,0,0,0,0,0,0,0,0,0,0,0,0
2020-03-22,0,0,0,0,0,0,0,0,0,0,0,0,0,0,0,0,0,0,0,0,0,0,0,0,0,0,0,0,0,0,0,0,0,0,0,0,0,0,0,0,0,0,0,0,0,0,0,0,0,0,0,0,0,0,0,0,0,0,0,0,0
2020-03-23,0,0,0,0,0,0,0,0,0,0,0,1,0,0,0,0,0,0,0,0,0,0,0,0,0,0,0,0,0,0,0,0,0,0,0,0,0,0,0,0,0,0,0,0,0,0,0,0,0,0,0,0,0,0,0,0,0,1,0,0,1
2020-03-24,0,0,0,0,0,0,0,0,0,0,0,0,0,0,0,0,0,0,0,0,0,0,0,0,0,0,0,0,0,0,0,0,1,0,0,0,0,0,0,0,0,0,0,0,0,0,0,0,0,0,0,0,0,0,0,0,0,0,0,0,1
2020-03-25,0,0,0,0,0,0,0,0,0,0,0,0,0,0,0,0,0,0,0,0,0,0,0,0,0,0,0,0,0,0,0,0,0,0,0,0,0,0,0,0,0,0,0,0,0,0,0,0,0,0,0,0,0,0,0,0,0,0,0,0,0
2020-03-26,0,0,0,0,0,0,0,0,0,0,0,0,0,0,0,0,0,0,0,0,0,0,0,0,0,0,0,0,0,0,0,0,0,0,0,0,0,0,0,0,0,0,0,0,0,0,0,0,0,0,1,0,0,0,0,0,0,1,0,0,1
2020-03-27,0,0,0,0,0,0,0,0,0,0,0,0,0,0,0,0,0,0,0,0,0,0,0,0,0,0,0,0,0,0,0,0,0,0,0,0,0,0,0,0,0,0,0,0,0,0,0,0,0,0,0,0,0,0,0,0,0,0,0,0,0
2020-03-28,0,0,0,0,0,0,0,0,0,0,0,0,0,0,0,0,0,0,0,0,0,0,0,0,0,0,0,0,0,0,0,0,0,0,0,0,0,0,0,0,0,0,0,0,0,0,0,0,0,0,2,0,0,0,0,0,0,2,0,0,2
2020-03-29,0,0,0,0,0,0,0,0,0,0,0,0,0,0,0,0,0,0,0,0,0,0,0,0,0,0,0,0,0,0,0,0,0,0,0,0,0,0,0,0,0,0,0,0,0,0,0,0,0,0,0,0,0,0,0,0,0,0,0,0,0
2020-03-30,0,0,0,0,0,0,0,0,0,0,0,0,0,0,0,0,0,0,0,0,0,0,0,0,0,0,0,0,0,0,0,0,0,0,0,0,0,0,0,0,0,0,0,0,0,0,0,0,0,0,1,0,0,0,0,0,0,1,0,0,1
2020-03-31,0,0,0,0,0,0,0,0,0,0,0,0,0,0,0,0,0,0,0,0,0,0,0,0,0,0,0,0,0,0,0,0,0,0,0,0,0,0,0,0,0,0,0,0,0,0,0,0,0,0,0,0,0,0,0,0,0,0,0,0,0
2020-04-01,0,0,0,0,0,0,0,0,0,0,0,0,0,0,0,0,0,0,0,0,0,0,0,0,0,0,0,0,0,0,0,0,0,0,0,0,0,0,0,0,0,0,0,0,0,0,0,0,0,0,0,0,0,0,0,0,0,0,0,0,0
2020-04-02,0,0,0,0,0,0,0,0,0,0,0,0,0,0,0,0,0,0,0,0,0,0,0,0,0,0,0,0,0,0,0,0,0,0,0,0,0,0,0,0,0,0,0,0,0,0,0,0,0,0,0,0,0,0,0,0,0,0,0,0,0
2020-04-03,0,0,1,0,0,0,0,0,0,0,0,0,0,0,0,0,0,0,0,0,0,0,0,0,0,0,0,0,0,0,0,0,1,0,0,0,0,0,0,0,0,0,0,0,0,0,0,0,0,0,0,0,0,0,0,0,0,1,0,0,2
2020-04-04,0,0,1,0,0,0,0,0,0,0,0,1,0,0,0,0,0,0,1,0,0,0,0,0,0,0,0,0,0,0,0,0,0,0,0,0,0,0,0,0,0,0,0,0,0,0,0,0,0,0,2,0,0,0,0,0,0,5,0,0,5
2020-04-05,0,0,0,0,0,0,0,0,0,0,0,0,0,0,0,0,0,0,0,0,0,0,0,0,0,0,0,0,0,0,0,0,0,0,0,0,0,0,0,0,0,0,0,0,0,0,0,0,0,0,0,0,0,0,0,0,0,0,0,0,0
2020-04-06,0,0,0,0,0,0,0,0,0,0,0,2,0,0,0,0,0,0,0,0,0,0,0,0,0,0,0,0,0,0,0,0,0,0,0,1,0,0,0,0,0,0,0,0,0,0,0,0,0,0,3,0,0,0,0,0,0,6,0,0,6
2020-04-07,0,0,1,0,0,0,0,0,0,0,1,1,0,0,0,0,0,0,1,0,0,0,0,0,0,0,0,0,0,0,0,0,1,0,0,1,0,0,0,0,0,0,0,0,0,0,0,0,0,0,5,0,0,0,0,0,0,10,0,0,11
2020-04-08,0,0,1,0,0,0,0,0,0,0,0,0,0,0,0,0,0,0,0,0,0,0,0,0,0,0,0,0,0,0,0,0,0,0,2,0,0,0,0,0,0,0,0,0,0,0,0,0,0,1,1,0,0,0,0,0,0,5,0,0,5
2020-04-09,0,0,0,0,0,0,0,0,0,0,0,1,0,0,0,0,0,0,0,0,0,0,0,0,0,0,0,0,0,0,0,0,0,0,0,1,0,0,0,0,0,0,0,0,0,0,0,0,0,0,1,0,0,0,0,0,0,3,0,0,3
2020-04-10,0,0,3,0,0,0,0,0,0,0,0,0,0,0,0,0,0,0,0,0,0,0,0,0,0,0,0,0,0,0,0,0,0,0,0,0,0,0,0,0,0,0,0,0,0,0,0,0,0,0,4,0,0,0,0,0,0,7,0,0,7
2020-04-11,1,0,0,0,0,0,0,0,0,0,1,0,0,0,0,0,0,0,0,0,0,0,0,0,0,0,0,0,0,0,0,0,1,0,2,0,0,0,0,0,0,0,0,0,0,0,1,0,0,1,1,0,0,0,0,0,0,7,0,0,8
2020-04-12,0,0,4,0,0,0,0,0,0,0,0,0,1,0,0,0,0,0,0,0,0,0,0,0,0,0,0,0,0,0,0,0,0,0,0,0,0,0,0,0,0,0,0,0,0,0,0,0,0,0,4,0,0,0,0,0,0,9,0,0,9
2020-04-13,0,0,0,0,0,0,0,0,0,0,0,0,0,0,0,0,0,0,1,0,0,0,0,0,0,0,0,0,0,0,0,0,0,0,0,1,0,0,2,0,0,0,0,0,0,0,0,0,0,0,3,0,0,0,0,0,0,5,0,2,7
2020-04-14,0,0,1,0,0,0,0,0,0,0,0,0,0,0,0,0,0,0,0,0,0,0,0,0,0,0,0,0,0,0,0,0,0,0,0,0,0,0,0,0,0,0,0,0,0,0,0,0,0,0,3,0,0,0,0,0,0,4,0,0,4
2020-04-15,0,0,0,0,0,0,0,0,0,0,0,1,0,0,0,0,0,0,0,0,0,0,0,0,0,0,0,0,0,0,0,0,0,0,2,1,0,0,0,0,0,0,0,0,0,0,0,0,0,0,6,0,0,0,0,0,0,10,0,0,10
2020-04-16,0,0,1,0,0,0,0,0,0,0,0,0,1,0,0,0,0,0,0,0,0,0,0,0,0,0,0,0,0,0,0,0,0,0,0,0,0,0,1,0,0,0,0,0,0,0,0,0,0,1,4,0,0,0,0,0,0,7,0,1,8
2020-04-17,1,0,0,0,0,0,0,0,0,0,0,0,0,0,0,0,0,0,1,0,0,0,0,0,0,0,0,0,0,0,0,0,0,0,1,0,0,0,0,0,0,0,0,0,0,0,0,0,0,1,3,0,0,0,0,0,0,7,0,0,7
2020-04-18,0,0,1,0,0,0,0,0,0,0,0,1,0,0,0,0,0,0,0,0,0,0,0,0,0,0,0,0,0,0,0,0,0,0,2,1,0,0,0,0,0,0,0,0,0,0,0,0,0,0,4,0,0,0,0,0,0,9,0,0,9
2020-04-19,0,0,1,0,0,0,0,0,0,0,0,0,0,0,0,0,0,0,0,0,0,0,0,0,0,0,0,0,0,0,0,0,0,0,0,0,0,0,0,0,0,0,0,0,0,0,0,0,0,0,4,0,0,0,0,0,0,5,0,0,5
2020-04-20,0,0,2,0,0,0,0,0,0,0,0,1,0,0,0,0,0,0,0,0,0,0,0,0,0,0,0,0,0,0,0,0,0,0,0,1,0,0,0,0,0,0,0,0,0,0,0,0,0,0,2,0,0,0,0,0,0,6,0,0,6
2020-04-21,0,0,0,0,0,0,0,0,0,0,0,1,0,0,0,0,0,0,0,0,0,0,0,0,0,0,0,0,0,0,0,0,0,0,3,0,0,0,0,0,0,0,0,0,0,0,0,0,0,0,0,0,0,0,0,0,0,4,0,0,4
2020-04-22,0,0,0,0,0,0,0,0,0,0,0,1,0,0,0,0,0,0,0,0,0,0,0,0,0,0,0,0,0,0,0,0,0,0,2,0,0,0,0,0,0,0,0,0,0,0,0,0,0,0,2,0,0,0,0,0,0,5,0,0,5
2020-04-23,0,0,0,0,0,0,0,0,0,0,0,0,0,0,0,0,0,0,1,0,0,0,0,0,0,0,0,0,0,0,0,0,0,0,0,0,0,0,0,0,0,0,0,0,0,0,0,0,0,0,1,0,0,0,0,0,0,2,0,0,2
2020-04-24,1,0,0,0,0,0,0,0,0,0,0,0,0,0,0,0,0,0,0,0,0,0,0,0,0,0,0,0,0,0,0,0,0,0,0,0,0,0,0,0,0,0,0,0,0,0,0,0,0,0,0,0,0,0,0,0,0,1,0,0,1
2020-04-25,0,0,0,0,0,0,0,0,0,0,0,0,0,0,0,0,0,0,0,0,0,0,0,0,0,0,0,0,0,0,0,0,0,0,0,0,0,0,0,0,0,0,0,0,0,0,0,0,0,0,1,0,0,0,0,0,0,1,0,0,1
2020-04-26,0,0,0,0,0,0,0,0,0,0,0,0,0,0,0,0,0,0,0,0,0,0,0,0,0,0,0,0,0,0,0,0,0,0,1,0,0,0,0,0,0,0,0,0,0,0,0,0,0,0,2,0,0,0,0,0,0,3,0,0,3
2020-04-27,0,0,0,0,0,0,0,0,0,0,0,0,0,0,0,0,0,0,0,0,0,0,0,0,0,0,0,0,0,0,0,0,0,0,0,0,0,0,0,0,0,0,0,0,0,0,0,0,0,0,0,0,0,0,0,0,0,0,0,0,0
2020-04-28,0,0,0,0,0,0,0,0,0,0,0,1,0,0,0,0,0,0,0,0,0,0,0,0,0,0,0,0,0,0,0,0,0,0,1,0,0,0,1,0,0,0,0,0,0,0,0,0,0,0,1,0,0,0,0,0,0,3,0,1,4
2020-04-29,0,0,0,0,0,0,0,0,0,0,0,0,0,0,0,0,0,0,0,0,0,0,0,0,0,0,0,0,0,0,0,0,0,0,0,0,0,0,0,0,0,0,0,0,0,0,0,0,0,0,0,0,0,0,0,0,0,0,0,0,0
2020-04-30,0,0,0,0,0,0,0,0,0,0,0,0,0,0,0,0,0,0,0,0,0,0,0,0,0,0,0,0,0,0,0,0,0,0,0,0,0,0,0,0,0,0,0,0,0,0,0,0,0,0,1,0,0,0,0,0,0,1,0,0,1
2020-05-01,0,0,0,0,0,0,0,0,0,0,0,0,0,0,0,0,0,0,0,0,0,0,0,0,0,0,0,0,0,0,0,0,0,0,0,0,0,0,0,0,0,0,0,0,0,0,0,0,0,0,0,0,0,0,0,0,0,0,0,0,0
2020-05-02,0,0,0,0,0,0,0,0,0,0,0,0,0,0,0,0,0,0,0,0,0,0,0,0,0,0,0,0,0,0,0,0,0,0,0,0,0,0,0,0,0,0,0,0,0,0,0,0,0,0,0,0,0,0,0,0,0,0,0,0,0
2020-05-03,0,0,0,0,0,0,0,0,0,0,0,0,0,0,0,0,0,0,0,0,0,0,0,0,0,0,0,0,0,0,0,0,0,0,0,0,0,0,0,0,0,0,0,0,0,0,0,0,0,0,0,0,0,0,0,0,0,0,0,0,0
2020-05-04,0,0,0,0,0,0,0,0,0,0,0,0,0,0,0,0,0,0,0,0,0,0,0,0,0,0,0,0,0,0,0,0,0,0,0,0,0,0,0,0,0,0,0,0,0,0,0,0,0,0,0,0,0,0,0,0,0,0,0,0,0
2020-05-05,0,0,0,0,0,0,0,0,0,0,0,0,0,0,0,0,0,0,0,0,0,0,0,0,0,0,0,0,0,0,0,0,0,0,0,0,0,0,0,0,0,0,0,0,0,0,0,0,0,0,0,0,0,0,0,0,0,0,0,0,0
2020-05-06,0,0,0,0,0,0,0,0,0,0,0,0,0,0,0,0,0,0,0,0,0,0,0,0,0,0,0,0,0,0,0,0,0,0,0,0,0,0,0,0,0,0,0,0,0,0,0,0,0,0,0,0,0,0,0,0,0,0,0,0,0
2020-05-07,0,0,0,0,0,0,0,0,0,0,0,0,0,0,0,0,0,0,0,0,0,0,0,0,0,0,0,0,0,0,0,0,0,0,0,0,0,0,0,0,0,0,0,0,0,0,0,0,0,0,0,0,0,0,0,0,0,0,0,0,0
2020-05-08,0,0,0,0,0,0,0,0,0,0,0,0,0,0,0,0,0,0,0,0,0,0,0,0,0,0,0,0,0,0,0,0,0,0,0,0,0,0,0,0,0,0,0,0,0,0,0,0,0,0,0,0,0,0,0,0,0,0,0,0,0
2020-05-09,0,0,0,0,0,0,0,0,0,0,0,0,0,0,0,0,0,0,0,0,0,0,0,0,0,0,0,0,0,0,0,0,0,0,0,0,0,0,0,0,0,0,0,0,0,0,0,0,0,0,0,0,0,0,0,0,0,0,0,0,0
2020-05-10,0,0,0,0,0,0,0,0,0,0,0,0,0,0,0,0,0,0,0,0,0,0,0,0,0,0,0,0,0,0,0,0,0,0,0,0,0,0,0,0,0,0,0,0,0,0,0,0,0,0,0,0,0,0,0,0,0,0,0,0,0
2020-05-11,0,0,0,0,0,0,0,0,0,0,0,0,0,0,0,0,0,0,0,0,0,0,0,0,0,0,0,0,0,0,0,0,0,0,0,0,0,0,0,0,0,0,0,0,0,0,0,0,0,0,0,0,0,0,0,0,0,0,0,0,0
2020-05-12,0,0,0,0,0,0,0,0,0,0,0,0,0,0,0,0,0,0,0,0,0,0,0,0,0,0,0,0,0,0,0,0,0,0,0,0,0,0,0,0,0,0,0,0,0,0,0,0,0,0,0,0,0,0,0,0,0,0,0,0,0
2020-05-13,0,0,0,0,0,0,0,0,0,0,0,0,0,0,0,0,0,0,0,0,0,0,0,0,0,0,0,0,0,0,0,0,0,0,0,0,0,0,0,0,0,0,0,0,0,0,0,0,0,0,0,0,0,0,0,0,0,0,0,0,0
2020-05-14,0,0,0,0,0,0,0,0,0,0,0,0,0,0,0,0,0,0,0,0,0,0,0,0,0,0,0,0,0,0,0,0,0,0,0,0,0,0,0,0,0,0,0,0,0,0,0,0,0,0,0,0,0,0,0,0,0,0,0,0,0
2020-05-15,0,0,0,0,0,0,0,0,0,0,0,0,0,0,0,0,0,0,0,0,0,0,0,0,0,0,0,0,0,0,0,0,0,0,0,0,0,0,0,0,0,0,0,0,0,0,0,0,0,0,0,0,0,0,0,0,0,0,0,0,0
2020-05-16,0,0,0,0,0,0,0,0,0,0,0,0,0,0,0,0,0,0,0,0,0,0,0,0,0,0,0,0,0,0,0,0,0,0,0,0,0,0,0,0,0,0,0,0,0,0,0,0,0,0,0,0,0,0,0,0,0,0,0,0,0
2020-05-17,0,0,0,0,0,0,0,0,0,0,0,0,0,0,0,0,0,0,0,0,0,0,0,0,0,0,0,0,0,0,0,0,0,0,0,0,0,0,0,0,0,0,0,0,0,0,0,0,0,0,0,0,0,0,0,0,0,0,0,0,0
2020-05-18,0,0,0,0,0,0,0,0,0,0,0,0,0,0,0,0,0,0,0,0,0,0,0,0,0,0,0,0,0,0,0,0,0,0,0,0,0,0,0,0,0,0,0,0,0,0,0,0,0,0,0,0,0,0,0,0,0,0,0,0,0
2020-05-19,0,0,0,0,0,0,0,0,0,0,0,0,0,0,0,0,0,0,0,0,0,0,0,0,0,0,0,0,0,0,0,0,0,0,0,0,0,0,0,0,0,0,0,0,0,0,0,0,0,0,0,0,0,0,0,0,0,0,0,0,0
2020-05-20,0,0,0,0,0,0,0,0,0,0,0,0,0,0,0,0,0,0,0,0,0,0,0,0,0,0,0,0,0,0,0,0,0,0,0,0,0,0,0,0,0,0,0,0,0,0,0,0,0,0,0,0,0,0,0,0,0,0,0,0,0
2020-05-21,0,0,0,0,0,0,0,0,0,0,0,0,0,0,0,0,0,0,0,0,0,0,0,0,0,0,0,0,0,0,0,0,0,0,0,0,0,0,0,0,0,0,0,0,0,0,0,0,0,0,0,0,0,0,0,0,0,0,0,0,0
2020-05-22,0,0,0,0,0,0,0,0,0,0,0,0,0,0,0,0,0,0,0,0,0,0,0,0,0,0,0,0,0,0,0,0,0,0,0,0,0,0,0,0,0,0,0,0,0,0,0,0,0,0,0,0,0,0,0,0,0,0,0,0,0
2020-05-23,0,0,0,0,0,0,0,0,0,0,0,0,0,0,0,0,0,0,0,0,0,0,0,0,0,0,0,0,0,0,0,0,0,0,0,0,0,0,0,0,0,0,0,0,0,0,0,0,0,0,0,0,0,0,0,0,0,0,0,0,0
2020-05-24,0,0,0,0,0,0,0,0,0,0,0,0,0,0,0,0,0,0,0,0,0,0,0,0,0,0,0,0,0,0,0,0,0,0,0,0,0,0,0,0,0,0,0,0,0,0,0,0,0,0,0,0,0,0,0,0,0,0,0,0,0
2020-05-25,0,0,0,0,0,0,0,0,0,0,0,0,0,0,0,0,0,0,0,0,0,0,0,0,0,0,0,0,0,0,0,0,0,0,0,0,0,0,0,0,0,0,0,0,0,0,0,0,0,0,0,0,0,0,0,0,0,0,0,0,0
2020-05-26,0,0,0,0,0,0,0,0,0,0,0,0,0,0,0,0,0,0,0,0,0,0,0,0,0,0,0,0,0,0,0,0,0,0,0,0,0,0,0,0,0,0,0,0,0,0,0,0,0,0,0,0,0,0,0,0,0,0,0,0,0
2020-05-27,0,0,0,0,0,0,0,0,0,0,0,0,0,0,0,0,0,0,0,0,0,0,0,0,0,0,0,0,0,0,0,0,0,0,0,0,0,0,0,0,0,0,0,0,0,0,0,0,0,0,0,0,0,0,0,0,0,0,0,0,0
2020-05-28,0,0,0,0,0,0,0,0,0,0,0,0,0,0,0,0,0,0,0,0,0,0,0,0,0,0,0,0,0,0,0,0,0,0,0,0,0,0,0,0,0,0,0,0,0,0,0,0,0,0,0,0,0,0,0,0,0,0,0,0,0
2020-05-29,0,0,0,0,0,0,0,0,0,0,0,0,0,0,0,0,0,0,0,0,0,0,0,0,0,0,0,0,0,0,0,0,0,0,0,0,0,0,0,0,0,0,0,0,0,0,0,0,0,0,0,0,0,0,0,0,0,0,0,0,0
2020-05-30,0,0,0,0,0,0,0,0,0,0,0,0,0,0,0,0,0,0,0,0,0,0,0,0,0,0,0,0,0,0,0,0,0,0,0,0,0,0,0,0,0,0,0,0,0,0,0,0,0,0,0,0,0,0,0,0,0,0,0,0,0
2020-05-31,0,0,0,0,0,0,0,0,0,0,0,0,0,0,0,0,0,0,0,0,0,0,0,0,0,0,0,0,0,0,0,0,0,0,0,0,0,0,0,0,0,0,0,0,0,0,0,0,0,0,0,0,0,0,0,0,0,0,0,0,0
2020-06-01,0,0,0,0,0,0,0,0,0,0,0,0,0,0,0,0,0,0,0,0,0,0,0,0,0,0,0,0,0,0,0,0,0,0,0,0,0,0,0,0,0,0,0,0,0,0,0,0,0,0,0,0,0,0,0,0,0,0,0,0,0
2020-06-02,0,0,0,0,0,0,0,0,0,0,0,0,0,0,0,0,0,0,0,0,0,0,0,0,0,0,0,0,0,0,0,0,0,0,0,0,0,0,0,0,0,0,0,0,0,0,0,0,0,0,0,0,0,0,0,0,0,0,0,0,0
2020-06-03,0,0,0,0,0,0,0,0,0,0,0,0,0,0,0,0,0,0,0,0,0,0,0,0,0,0,0,0,0,0,0,0,0,0,0,0,0,0,0,0,0,0,0,0,0,0,0,0,0,0,0,0,0,0,0,0,0,0,0,0,0
2020-06-04,0,0,0,0,0,0,0,0,0,0,0,0,0,0,0,0,0,0,0,0,0,0,0,0,0,0,0,0,0,0,0,0,0,0,0,0,0,0,0,0,0,0,0,0,0,0,0,0,0,0,0,0,0,0,0,0,0,0,0,0,0
2020-06-05,0,0,0,0,0,0,0,0,0,0,0,0,0,0,0,0,0,0,0,0,0,0,0,0,0,0,0,0,0,0,0,0,0,0,0,0,0,0,0,0,0,0,0,0,0,0,0,0,0,0,0,0,0,0,0,0,0,0,0,0,0
2020-06-06,0,0,0,0,0,0,0,0,0,0,0,0,0,0,0,0,0,0,0,0,0,0,0,0,0,0,0,0,0,0,0,0,0,0,0,0,0,0,0,0,0,0,0,0,0,0,0,0,0,0,0,0,0,0,0,0,0,0,0,0,0
2020-06-07,0,0,0,0,0,0,0,0,0,0,0,0,0,0,0,0,0,0,0,0,0,0,0,0,0,0,0,0,0,0,0,0,0,0,0,0,0,0,0,0,0,0,0,0,0,0,0,0,0,0,0,0,0,0,0,0,0,0,0,0,0
2020-06-08,0,0,0,0,0,0,0,0,0,0,0,0,0,0,0,0,0,0,0,0,0,0,0,0,0,0,0,0,0,0,0,0,0,0,0,0,0,0,0,0,0,0,0,0,0,0,0,0,0,0,0,0,0,0,0,0,0,0,0,0,0
2020-06-09,0,0,0,0,0,0,0,0,0,0,0,0,0,0,0,0,0,0,0,0,0,0,0,0,0,0,0,0,0,0,0,0,0,0,0,0,0,0,0,0,0,0,0,0,0,0,0,0,0,0,0,0,0,0,0,0,0,0,0,0,0
2020-06-10,0,0,0,0,0,0,0,0,0,0,0,0,0,0,0,0,0,0,0,0,0,0,0,0,0,0,0,0,0,0,0,0,0,0,0,0,0,0,0,0,0,0,0,0,0,0,0,0,0,0,0,0,0,0,0,0,0,0,0,0,0
2020-06-11,0,0,0,0,0,0,0,0,0,0,0,0,0,0,0,0,0,0,0,0,0,0,0,0,0,0,0,0,0,0,0,0,0,0,0,0,0,0,0,0,0,0,0,0,0,0,0,0,0,0,0,0,0,0,0,0,0,0,0,0,0
2020-06-12,0,0,0,0,0,0,0,0,0,0,0,0,0,0,0,0,0,0,0,0,0,0,0,0,0,0,0,0,0,0,0,0,0,0,0,0,0,0,0,0,0,0,0,0,0,0,0,0,0,0,0,0,0,0,0,0,0,0,0,0,0
2020-06-13,0,0,0,0,0,0,0,0,0,0,0,0,0,0,0,0,0,0,0,0,0,0,0,0,0,0,0,0,0,0,0,0,0,0,0,0,0,0,0,0,0,0,0,0,0,0,0,0,0,0,0,0,0,0,0,0,0,0,0,0,0
2020-06-14,0,0,0,0,0,0,0,0,0,0,0,0,0,0,0,0,0,0,0,0,0,0,0,0,0,0,0,0,0,0,0,0,0,0,0,0,0,0,0,0,0,0,0,0,0,0,0,0,0,0,0,0,0,0,0,0,0,0,0,0,0
2020-06-15,0,0,0,0,0,0,0,0,0,0,0,0,0,0,0,0,0,0,0,0,0,0,0,0,0,0,0,0,0,0,0,0,0,0,0,0,0,0,0,0,0,0,0,0,0,0,0,0,0,0,0,0,0,0,0,0,0,0,0,0,0
2020-06-16,0,0,0,0,0,0,0,0,0,0,0,0,0,0,0,0,0,0,0,0,0,0,0,0,0,0,0,0,0,0,0,0,0,0,0,0,0,0,0,0,0,0,0,0,0,0,0,0,0,0,0,0,0,0,0,0,0,0,0,0,0
2020-06-17,0,0,0,0,0,0,0,0,0,0,0,0,0,0,0,0,0,0,0,0,0,0,0,0,0,0,0,0,0,0,0,0,0,0,0,0,0,0,0,0,0,0,0,0,0,0,0,0,0,0,0,0,0,0,0,0,0,0,0,0,0
2020-06-18,0,0,0,0,0,0,0,0,0,0,0,0,0,0,0,0,0,0,0,0,0,0,0,0,0,0,0,0,0,0,0,0,0,0,0,0,0,0,0,0,0,0,0,0,0,0,0,0,0,0,0,0,0,0,0,0,0,0,0,0,0
2020-06-19,0,0,0,0,0,0,0,0,0,0,0,0,0,0,0,0,0,0,0,0,0,0,0,0,0,0,0,0,0,0,0,0,0,0,0,0,0,0,0,0,0,0,0,0,0,0,0,0,0,0,0,0,0,0,0,0,0,0,0,0,0
2020-06-20,0,0,0,0,0,0,0,0,0,0,0,0,0,0,0,0,0,0,0,0,0,0,0,0,0,0,0,0,0,0,0,0,0,0,0,0,0,0,0,0,0,0,0,0,0,0,0,0,0,0,0,0,0,0,0,0,0,0,0,0,0
2020-06-21,0,0,0,0,0,0,0,0,0,0,0,0,0,0,0,0,0,0,0,0,0,0,0,0,0,0,0,0,0,0,0,0,0,0,0,0,0,0,0,0,0,0,0,0,0,0,0,0,0,0,0,0,0,0,0,0,0,0,0,0,0
2020-06-22,0,0,0,0,0,0,0,0,0,0,0,0,0,0,0,0,0,0,0,0,0,0,0,0,0,0,0,0,0,0,0,0,0,0,0,0,0,0,0,0,0,0,0,0,0,0,0,0,0,0,0,0,0,0,0,0,0,0,0,0,0
2020-06-23,0,0,0,0,0,0,0,0,0,0,0,0,0,0,0,0,0,0,0,0,0,0,0,0,0,0,0,0,0,0,0,0,0,0,0,0,0,0,0,0,0,0,0,0,0,0,0,0,0,0,0,0,0,0,0,0,0,0,0,0,0
2020-06-24,0,0,0,0,0,0,0,0,0,0,0,0,0,0,0,0,0,0,0,0,0,0,0,0,0,0,0,0,0,0,0,0,0,0,0,0,0,0,0,0,0,0,0,0,0,0,0,0,0,0,0,0,0,0,0,0,0,0,0,0,0
2020-06-25,0,0,0,0,0,0,0,0,0,0,0,0,0,0,0,0,0,0,0,0,0,0,0,0,0,0,0,0,0,0,0,0,0,0,0,0,0,0,0,0,0,0,0,0,0,0,0,0,0,0,0,0,0,0,0,0,0,0,0,0,0
2020-06-26,0,0,0,0,0,0,0,0,0,0,0,0,0,0,0,0,0,0,0,0,0,0,0,0,0,0,0,0,0,0,0,0,0,0,0,0,0,0,0,0,0,0,0,0,0,0,0,0,0,0,0,0,0,0,0,0,0,0,0,0,0
2020-06-27,0,0,0,0,0,0,0,0,0,0,0,0,0,0,0,0,0,0,0,0,0,0,0,0,0,0,0,0,0,0,0,0,0,0,0,0,0,0,0,0,0,0,0,0,0,0,0,0,0,0,0,0,0,0,0,0,0,0,0,0,0
2020-06-28,0,0,0,0,0,0,0,0,0,0,0,0,0,0,0,0,0,0,0,0,0,0,0,0,0,0,0,0,0,0,0,0,0,0,0,0,0,0,0,0,0,0,0,0,0,0,0,0,0,0,0,0,0,0,0,0,0,0,0,0,0
2020-06-29,0,0,0,0,0,0,0,0,0,0,0,0,0,0,0,0,0,0,0,0,0,0,0,0,0,0,0,0,0,0,0,0,0,0,0,0,0,0,0,0,0,0,0,0,0,0,0,0,0,0,0,0,0,0,0,0,0,0,0,0,0
2020-06-30,0,0,0,0,0,0,0,0,0,0,0,0,0,0,0,0,0,0,0,0,0,0,0,0,0,0,0,0,0,0,0,0,0,0,0,0,0,0,0,0,0,0,0,0,0,0,0,0,0,0,0,0,0,0,0,0,0,0,0,0,0
2020-07-01,0,0,0,0,0,0,0,0,0,0,0,0,0,0,0,0,0,0,0,0,0,0,0,0,0,0,0,0,0,0,0,0,0,0,0,0,0,0,0,0,0,0,0,0,0,0,0,0,0,0,0,0,0,0,0,0,0,0,0,0,0
2020-07-02,0,0,0,0,0,0,0,0,0,0,0,0,0,0,0,0,0,0,0,0,0,0,0,0,0,0,0,0,0,0,0,0,0,0,0,0,0,0,0,0,0,0,0,0,0,0,0,0,0,0,0,0,0,0,0,0,0,0,0,0,0
2020-07-03,0,0,0,0,0,0,0,0,0,0,0,0,0,0,0,0,0,0,0,0,0,0,0,0,0,0,0,0,0,0,0,0,0,0,0,0,0,0,0,0,0,0,0,0,0,0,0,0,0,0,0,0,0,0,0,0,0,0,0,0,0
2020-07-04,0,0,0,0,0,0,0,0,0,0,0,0,0,0,0,0,0,0,0,0,0,0,0,0,0,0,0,0,0,0,0,0,0,0,0,0,0,0,0,0,0,0,0,0,0,0,0,0,0,0,0,0,0,0,0,0,0,0,0,0,0
2020-07-05,0,0,0,0,0,0,0,0,0,0,0,0,0,0,0,0,0,0,0,0,0,0,0,0,0,0,0,0,0,0,0,0,0,0,0,0,0,0,0,0,0,0,0,0,0,0,0,0,0,0,0,0,0,0,0,0,0,0,0,0,0
2020-07-06,0,0,0,0,0,0,0,0,0,0,0,0,0,0,0,0,0,0,0,0,0,0,0,0,0,0,0,0,0,0,0,0,0,0,0,0,0,0,0,0,0,0,0,0,0,0,0,0,0,0,0,0,0,0,0,0,0,0,0,0,0
2020-07-07,0,0,0,0,0,0,0,0,0,0,0,0,0,0,0,0,0,0,0,0,0,0,0,0,0,0,0,0,0,0,0,0,0,0,0,0,0,0,0,0,0,0,0,0,0,0,0,0,0,0,0,0,0,0,0,0,0,0,0,0,0
2020-07-08,0,0,1,0,0,0,0,0,0,0,0,0,0,0,0,0,0,0,0,0,0,0,0,0,0,0,0,0,0,0,0,0,0,0,0,0,0,0,1,0,0,0,0,0,0,0,0,0,0,0,0,0,0,0,0,0,0,1,0,1,2
2020-07-09,0,0,0,0,0,0,0,0,0,0,0,0,0,0,0,0,0,0,0,0,0,0,0,0,0,0,0,0,0,0,0,0,1,0,0,0,0,0,0,0,0,0,0,0,0,0,0,0,0,0,0,0,0,0,0,0,0,0,0,0,1
2020-07-10,0,0,0,0,0,0,0,0,0,0,0,0,0,0,1,0,0,0,0,0,0,0,0,0,0,0,0,0,0,0,0,0,0,0,0,0,0,0,0,0,0,0,0,0,0,0,0,0,0,0,0,0,0,0,0,0,0,0,0,0,1
2020-07-11,0,0,0,0,0,0,0,0,0,0,0,0,0,0,2,0,0,0,0,0,0,0,0,0,0,0,0,0,0,0,0,0,0,0,0,0,0,0,0,0,0,0,0,0,0,0,0,0,0,0,0,0,0,0,0,0,0,0,0,0,2
2020-07-12,0,0,0,0,0,0,0,0,0,0,0,0,0,0,0,0,0,0,0,0,0,0,0,0,0,0,0,0,0,0,0,0,0,0,0,0,0,0,0,0,0,0,0,0,0,0,0,0,0,0,0,0,0,0,0,0,0,0,0,0,0
2020-07-13,0,0,0,0,0,0,0,0,0,0,0,0,0,0,0,0,0,0,0,0,0,0,0,0,0,0,0,0,0,0,0,0,0,0,0,0,0,0,0,0,0,0,0,0,0,0,0,0,0,0,0,0,0,0,0,0,0,0,0,0,0
2020-07-14,0,0,0,0,0,0,0,0,0,0,0,0,0,0,0,0,0,0,0,0,0,0,0,0,0,0,0,0,0,0,0,0,0,0,0,0,0,0,0,0,0,0,0,0,0,0,0,0,0,0,0,0,0,0,0,0,0,0,0,0,0
2020-07-15,0,0,0,0,0,0,0,0,0,0,0,0,0,0,0,0,0,0,0,0,0,0,0,0,0,0,0,0,0,0,0,0,0,0,0,0,0,0,0,0,0,0,0,0,0,0,0,0,0,0,0,0,0,0,0,0,0,0,0,0,0
2020-07-16,0,0,0,0,0,0,0,0,0,0,0,0,0,0,0,0,0,0,0,0,0,0,0,0,0,0,0,0,0,0,0,0,0,0,1,0,0,0,0,0,0,0,0,0,0,0,0,0,0,0,0,0,0,0,0,0,0,1,0,0,1
2020-07-17,0,0,0,0,0,0,0,0,0,0,0,0,0,0,0,0,0,0,0,0,0,0,0,0,0,0,0,0,0,0,0,0,0,0,0,0,0,0,0,0,0,0,0,0,0,0,0,0,0,0,0,0,0,0,0,0,0,0,0,0,0
2020-07-18,0,0,0,0,0,0,0,0,0,0,0,0,0,0,0,0,0,0,0,0,0,0,0,0,0,0,0,0,0,0,0,0,0,0,0,0,0,0,0,0,0,0,0,0,0,0,0,0,0,0,0,0,0,0,0,0,0,0,0,0,0
2020-07-19,0,0,1,0,0,0,0,0,0,0,0,0,0,0,0,0,0,0,0,0,0,0,0,0,0,0,0,0,0,0,0,0,0,0,0,0,0,0,0,0,0,0,0,0,0,0,0,0,0,0,1,0,0,0,0,0,0,2,0,0,2
2020-07-20,0,0,0,0,0,0,0,0,0,0,0,0,0,0,0,0,0,0,0,0,0,0,0,0,0,0,0,0,0,0,0,0,0,0,0,0,0,0,0,0,0,0,0,0,0,0,0,0,0,0,2,0,0,0,0,0,0,2,0,0,2
2020-07-21,0,0,0,0,0,0,0,0,0,0,0,0,0,0,0,0,0,0,1,0,0,0,0,0,0,0,0,0,0,0,0,0,0,0,0,0,0,0,0,0,0,0,0,0,0,0,0,0,0,0,1,0,0,0,0,0,0,2,0,0,2
2020-07-22,0,0,1,0,0,0,0,0,0,0,0,0,0,0,0,0,0,0,0,0,0,0,0,0,0,0,0,0,0,0,0,0,0,0,0,0,0,0,0,0,0,0,0,0,0,0,0,0,0,0,1,0,0,0,0,0,0,2,0,0,2
2020-07-23,1,0,3,0,0,0,0,0,0,0,0,0,0,0,0,0,0,0,0,0,0,0,0,0,0,0,0,0,0,0,0,0,0,0,0,0,0,0,0,0,0,0,0,0,0,0,0,0,0,0,1,0,0,0,0,0,0,5,0,0,5
2020-07-24,1,0,4,0,0,0,0,0,0,0,0,0,0,0,0,0,0,0,0,0,0,0,0,0,0,0,0,0,0,0,0,0,0,0,0,1,0,0,0,0,0,0,0,0,0,0,0,0,0,0,4,0,0,0,0,0,0,10,0,0,10
2020-07-25,0,0,0,0,0,0,0,0,0,0,0,1,0,0,0,0,0,0,1,0,0,0,0,0,0,0,0,0,0,0,0,0,1,0,2,0,0,0,0,0,0,0,0,0,0,0,1,0,0,0,8,0,0,0,0,0,0,13,0,0,14
2020-07-26,0,0,0,0,0,0,0,0,0,0,0,0,0,0,0,0,0,0,2,0,0,0,0,0,0,0,0,0,0,0,0,0,0,0,0,1,0,0,0,0,0,0,0,0,0,0,0,0,0,0,3,0,0,0,0,0,0,6,0,0,6
2020-07-27,1,0,0,0,0,0,0,0,0,1,0,0,0,0,0,0,0,0,1,0,0,0,0,0,0,0,0,0,0,0,0,0,0,0,2,4,0,0,0,0,0,0,0,0,0,0,0,0,0,0,9,0,0,0,0,0,0,17,0,0,18
2020-07-28,0,0,3,0,0,0,0,0,0,1,0,1,1,0,0,0,0,0,2,0,0,0,0,0,0,0,0,0,0,0,0,0,2,0,0,0,0,0,0,0,0,0,0,0,0,0,1,0,0,1,9,0,0,0,0,0,0,18,0,0,21
2020-07-29,1,0,1,0,0,0,0,0,0,0,1,3,0,0,0,0,0,0,3,0,1,0,0,0,0,0,0,0,0,0,0,0,0,0,2,2,0,0,0,0,0,0,0,0,0,0,4,0,0,2,24,0,0,0,0,0,0,43,1,0,44
2020-07-30,1,0,3,0,0,0,0,0,0,0,4,4,0,0,0,0,0,0,1,0,0,0,0,0,0,0,0,0,0,0,0,0,0,0,1,3,0,0,0,0,0,0,0,0,0,0,1,0,0,4,27,0,0,0,0,0,0,49,0,0,49
2020-07-31,0,0,3,0,0,0,0,1,2,0,3,7,1,0,1,0,0,0,0,0,0,0,0,0,0,0,0,0,0,0,1,0,0,0,3,4,0,0,6,0,0,0,0,0,0,0,2,0,0,8,29,0,0,0,0,0,0,62,0,6,71
2020-08-01,0,0,3,0,0,0,0,0,0,0,0,11,0,0,0,0,0,0,3,0,1,0,0,0,0,0,0,0,0,0,0,0,0,0,5,0,0,0,0,0,0,0,0,0,0,0,3,0,0,7,25,0,0,0,0,0,0,57,1,0,58
2020-08-02,2,0,4,0,0,0,0,0,4,0,4,8,0,0,0,0,0,0,2,0,3,0,0,0,0,0,0,0,0,0,0,0,1,0,4,7,0,0,3,0,0,0,0,0,0,0,3,0,0,5,13,0,0,0,0,0,0,56,3,3,63
2020-08-03,0,0,0,0,0,0,0,0,0,0,0,7,0,0,0,0,0,0,1,0,0,0,0,0,0,0,0,0,0,0,0,0,1,0,2,3,0,0,4,0,0,0,0,0,0,0,3,0,0,4,12,0,0,0,0,0,0,32,0,4,37
2020-08-04,0,0,5,0,0,0,0,0,0,0,4,15,0,0,0,0,0,0,2,0,14,0,0,0,0,0,0,0,0,0,0,0,1,0,4,7,0,0,1,0,0,0,0,0,0,0,1,0,0,4,25,0,0,0,0,0,0,67,14,1,83
2020-08-05,1,0,1,0,0,1,0,0,2,0,0,12,2,0,0,0,0,0,8,0,1,0,0,0,0,0,0,0,0,0,0,0,0,0,2,4,0,0,0,0,0,0,0,0,0,0,1,0,0,8,31,0,0,0,0,0,0,72,1,1,74
2020-08-06,2,0,2,0,0,0,0,0,0,0,2,7,5,0,0,0,0,0,5,0,1,0,0,0,0,0,0,0,0,0,0,0,0,0,1,8,0,0,0,0,0,0,0,0,0,0,11,0,0,4,24,0,0,0,0,0,0,71,1,0,72
2020-08-07,4,0,6,0,0,5,0,0,1,0,2,8,1,0,0,0,0,0,3,0,3,0,0,0,0,0,0,0,0,0,0,0,0,0,1,9,0,0,1,0,0,0,0,0,0,0,15,0,0,8,33,0,0,0,0,0,0,91,3,6,100
2020-08-08,0,0,6,0,0,0,0,0,1,0,2,5,0,0,0,0,1,0,2,0,5,0,0,0,0,0,0,0,0,0,0,0,0,0,2,8,0,0,0,0,0,0,0,0,0,0,8,0,0,8,36,0,0,0,0,0,0,78,5,0,84
2020-08-09,2,0,28,0,0,0,0,0,2,0,3,9,1,0,0,0,0,0,12,0,1,0,0,0,0,0,0,0,0,0,0,0,0,0,7,10,0,0,1,0,0,0,0,0,0,0,4,0,0,10,67,0,0,0,0,0,0,155,1,1,157
2020-08-10,1,0,3,0,0,1,0,0,1,0,1,3,1,0,0,0,0,0,3,0,0,0,0,0,0,0,0,0,0,0,0,0,1,0,2,6,0,0,0,0,0,0,0,0,0,0,6,0,0,2,19,0,0,0,0,0,0,48,0,1,50
2020-08-11,2,0,3,0,0,0,0,0,2,0,6,14,0,0,0,0,0,0,1,0,0,0,0,0,0,0,0,0,0,0,0,0,0,0,0,12,0,0,0,0,0,0,0,0,0,0,7,0,0,9,8,0,0,0,0,0,0,64,0,0,64
2020-08-12,9,0,6,0,0,0,0,0,1,0,2,8,1,0,0,0,1,0,1,0,3,0,0,0,0,0,0,0,0,0,0,0,0,0,0,3,0,0,0,0,0,0,0,0,0,0,3,0,0,4,23,0,0,0,0,0,0,61,3,0,65
2020-08-13,11,0,3,0,0,8,0,0,0,0,2,6,2,0,0,0,0,0,5,0,3,0,0,0,0,0,0,0,0,2,0,0,0,0,7,11,0,0,0,0,0,0,0,0,0,0,7,0,0,1,26,0,0,0,0,0,1,81,3,8,95
2020-08-14,11,0,15,0,0,1,0,0,1,0,4,8,1,0,0,0,0,0,8,0,0,0,0,0,0,0,0,0,0,0,0,0,0,0,10,14,0,0,0,0,0,0,0,0,0,0,5,0,0,2,25,0,0,0,0,0,0,104,0,1,105
2020-08-15,1,0,3,0,0,0,0,0,0,0,3,9,1,0,0,0,0,0,2,0,1,0,0,0,0,0,0,0,0,0,0,0,0,0,3,0,0,0,1,0,0,0,0,0,0,0,4,0,0,4,15,0,0,0,0,0,0,45,1,1,47
2020-08-16,8,0,13,0,0,0,0,0,0,1,0,8,2,0,0,0,0,0,2,0,1,0,0,0,0,0,0,0,0,0,0,0,0,0,3,4,0,0,0,0,0,0,0,0,0,0,5,0,0,3,9,0,0,0,0,0,0,57,1,0,59
2020-08-17,2,0,4,0,0,0,0,0,0,0,0,1,0,0,0,0,0,0,1,0,0,0,0,0,0,0,0,0,0,0,0,0,0,0,2,8,0,0,0,0,0,0,0,0,0,0,0,0,0,3,16,0,0,0,0,0,1,37,0,0,38
2020-08-18,1,0,7,0,0,0,0,0,1,0,1,2,1,0,0,0,0,0,0,0,0,0,0,0,0,0,0,0,0,0,0,0,0,0,5,3,0,0,0,0,0,0,0,0,0,0,1,0,0,1,10,0,0,0,0,0,0,33,0,0,33
2020-08-19,4,0,3,0,0,1,0,0,1,0,0,9,1,0,0,0,0,0,3,0,2,0,0,0,0,0,0,0,0,0,0,0,0,0,8,4,0,0,0,0,0,0,0,0,0,0,5,0,0,5,23,0,0,0,0,0,0,66,2,1,69
2020-08-20,3,0,3,0,0,0,0,0,4,0,0,1,0,0,0,0,0,0,2,0,0,0,0,0,0,0,0,0,0,0,0,0,0,0,4,3,0,0,0,0,0,0,0,0,0,0,3,0,0,0,19,0,0,0,0,0,0,42,0,0,42
2020-08-21,4,0,4,0,0,0,0,0,0,0,2,2,0,0,0,0,0,0,0,0,0,0,0,0,0,0,0,0,0,0,0,0,0,0,0,1,0,0,1,0,0,0,0,0,0,0,4,0,0,1,11,0,0,0,0,0,0,29,0,1,30
2020-08-22,0,0,1,1,0,0,0,0,1,1,0,4,0,0,0,0,0,0,3,0,0,0,0,0,0,0,0,0,0,0,0,0,0,0,1,0,0,0,1,0,0,0,0,0,0,0,3,0,0,2,13,0,0,0,0,0,0,28,0,1,31
2020-08-23,2,0,0,0,0,0,0,0,1,0,0,2,1,0,0,0,0,0,0,0,2,0,0,0,0,0,0,0,0,0,0,0,0,0,2,0,0,0,0,0,0,0,0,0,0,0,1,0,0,0,14,0,0,0,0,0,0,23,2,0,25
2020-08-24,1,0,5,0,0,0,0,0,0,0,0,5,2,0,0,0,0,0,0,0,0,0,0,0,0,0,0,0,0,0,0,0,0,0,0,0,0,0,0,0,0,0,0,0,0,0,1,0,0,0,7,0,0,0,1,0,0,21,0,0,22
2020-08-25,0,0,4,0,0,0,0,0,0,0,4,6,1,0,0,0,0,0,0,0,0,0,0,0,0,0,0,0,0,0,0,0,0,0,4,1,0,0,0,0,0,0,0,0,0,0,4,0,0,0,7,0,0,0,0,0,0,31,0,0,31
2020-08-26,4,0,2,0,0,0,0,0,0,0,0,6,0,0,0,0,0,0,3,0,0,0,0,0,0,0,0,0,0,0,0,0,0,0,4,2,0,0,0,0,0,0,0,0,0,0,0,0,0,1,12,0,0,0,0,0,0,34,0,0,34
2020-08-27,3,0,1,0,0,0,1,0,0,0,2,4,2,0,0,0,0,0,0,0,0,0,0,0,0,0,0,0,0,0,0,0,0,0,5,2,0,0,2,0,0,0,0,0,0,0,2,0,0,1,9,0,0,0,0,0,0,31,0,2,34
2020-08-28,2,0,7,0,0,0,0,0,0,0,3,6,0,0,0,0,0,0,3,0,0,0,0,0,0,0,0,0,0,0,0,0,1,0,4,2,0,0,0,0,0,0,0,0,0,0,2,0,0,2,10,0,0,0,0,0,0,41,0,0,42
2020-08-29,8,0,4,0,0,0,0,0,0,0,0,1,0,0,0,0,0,0,0,0,1,0,0,0,0,0,0,0,0,0,0,0,0,0,6,4,0,0,0,0,0,0,0,0,0,0,0,0,0,1,6,0,0,0,0,0,0,30,1,0,31
2020-08-30,3,0,0,0,0,0,0,0,0,0,0,1,0,0,0,0,0,0,0,0,0,0,0,0,0,0,0,0,0,0,0,0,0,0,6,2,0,0,3,0,0,0,0,0,0,0,2,0,0,3,13,0,0,0,0,0,0,30,0,3,33
2020-08-31,1,0,1,0,0,0,0,0,0,0,1,3,0,0,0,0,0,0,1,0,0,0,0,0,0,0,0,0,0,0,0,0,0,0,3,3,0,0,0,0,0,0,0,0,0,0,1,0,0,1,8,0,0,0,0,0,0,23,0,0,23
2020-09-01,0,0,0,0,0,0,0,0,0,0,0,0,0,0,0,0,0,0,0,0,0,0,0,0,0,0,0,0,0,0,0,0,0,0,0,0,0,0,0,0,0,0,0,0,0,0,0,0,0,0,0,0,0,0,0,0,0,0,0,0,0
2020-09-02,1,0,0,0,0,0,0,0,0,0,1,2,0,0,0,0,0,0,1,0,0,0,0,0,0,0,0,0,0,0,0,0,0,0,2,2,0,0,1,0,0,0,0,0,0,0,2,0,0,0,2,0,0,0,0,0,0,13,0,1,14
2020-09-03,2,0,2,0,0,0,0,0,0,0,0,1,1,0,0,0,0,0,0,0,0,0,0,0,0,0,0,0,0,0,0,0,0,0,3,0,0,0,0,0,0,0,0,0,0,0,1,0,0,6,3,0,0,0,0,0,0,19,0,0,19
2020-09-04,2,0,2,0,0,0,0,0,2,0,1,0,1,0,0,0,0,0,0,0,0,0,0,0,0,0,0,0,0,0,0,0,0,0,4,3,0,0,4,0,0,0,0,0,0,0,1,0,0,1,6,0,0,0,0,0,0,23,0,4,27
2020-09-05,1,0,1,0,0,0,0,0,0,0,0,0,0,0,0,0,0,0,0,0,0,0,0,0,0,0,0,0,0,0,0,0,0,0,6,0,0,0,1,0,0,0,0,0,0,0,0,0,0,2,9,0,0,0,0,0,0,19,0,1,20
2020-09-06,0,0,0,0,0,0,0,0,0,0,0,0,0,0,0,0,0,0,0,0,0,0,0,0,0,0,0,0,0,0,0,0,0,0,0,0,0,0,0,0,0,0,0,0,0,0,0,0,0,0,0,0,0,0,0,0,0,0,0,0,0
2020-09-07,1,0,2,0,0,0,0,0,0,0,1,0,1,0,0,0,0,0,0,0,0,0,0,0,0,0,0,0,0,0,0,0,0,0,5,2,0,0,0,0,0,0,0,0,0,0,0,0,0,0,6,0,0,0,0,0,0,18,0,0,18
2020-09-08,0,0,0,0,0,0,0,0,0,0,0,0,0,0,0,0,0,0,0,0,0,0,0,0,0,0,0,0,0,0,0,0,0,0,3,1,0,0,0,0,0,0,0,0,0,0,0,0,0,2,3,0,0,0,0,0,0,9,0,0,9
2020-09-09,0,0,0,0,0,0,0,0,0,0,0,1,1,0,0,0,0,0,0,0,0,0,0,0,0,0,0,0,0,0,0,0,0,0,1,1,0,0,1,0,0,0,0,0,0,0,1,0,0,1,1,0,0,0,0,0,0,7,0,1,8
2020-09-10,0,0,1,0,0,0,0,0,1,0,0,0,0,0,0,0,0,0,0,0,0,0,0,0,0,0,0,0,0,0,0,0,0,0,1,4,0,0,0,0,0,0,0,0,0,0,0,0,0,2,7,0,0,0,0,0,0,16,0,0,16
2020-09-11,1,0,2,0,0,0,0,0,0,0,0,0,0,0,0,0,0,0,0,0,0,0,0,0,0,0,0,0,0,0,0,0,0,0,1,2,0,0,1,0,0,0,0,0,0,0,0,0,0,0,3,0,0,0,0,0,0,9,0,1,10
2020-09-12,1,0,0,0,0,0,0,0,0,0,2,0,0,0,0,0,1,0,1,0,0,0,0,0,0,0,0,0,0,0,0,0,0,0,0,2,0,0,0,0,0,0,0,0,0,0,0,0,0,0,4,0,0,0,0,0,0,10,0,0,11
2020-09-13,1,0,1,0,0,0,0,0,0,0,0,1,0,0,0,0,0,0,1,0,0,0,0,0,0,0,0,0,0,0,0,0,0,0,1,2,0,0,0,0,0,0,0,0,0,0,0,0,0,0,3,0,0,0,0,0,0,10,0,0,10
2020-09-14,0,0,0,0,0,0,0,0,0,0,0,1,0,0,0,0,0,0,0,0,1,0,0,0,0,0,0,0,0,0,0,0,0,0,0,1,0,0,0,0,0,0,0,0,0,0,0,0,0,0,0,0,0,0,0,0,0,2,1,0,3
2020-09-15,0,0,0,0,0,0,0,0,0,0,0,1,0,0,0,0,0,0,0,0,0,0,0,0,0,0,0,0,0,0,0,0,0,0,0,0,0,0,0,0,0,0,0,0,0,0,1,0,0,1,1,0,0,0,0,0,0,4,0,0,4
2020-09-16,0,0,1,0,0,0,0,0,0,0,1,0,0,0,0,0,0,0,0,0,0,0,0,0,0,0,0,0,0,0,0,0,0,0,2,0,0,0,0,0,0,0,0,0,0,0,2,0,0,0,2,0,0,0,0,0,0,8,0,0,8
2020-09-17,0,0,1,0,0,0,0,0,1,0,0,0,0,0,0,0,0,0,0,0,0,0,0,0,0,0,0,0,0,0,0,0,0,0,2,1,0,0,0,0,0,0,0,0,0,0,0,0,0,0,0,0,0,0,0,0,0,5,0,0,5
2020-09-18,0,0,0,0,0,0,0,0,0,0,0,1,0,0,0,0,0,0,2,0,0,0,0,0,0,0,0,0,0,0,0,0,0,0,5,0,0,0,0,0,0,0,0,0,0,0,3,0,0,0,1,0,0,0,0,0,0,12,0,0,12
2020-09-19,3,0,0,0,0,0,0,0,0,0,0,0,0,0,0,0,0,0,2,0,1,0,0,0,0,0,0,0,0,0,0,0,0,0,4,3,0,0,0,0,0,0,0,0,0,0,0,0,0,0,0,0,0,0,0,0,0,12,1,0,13
2020-09-20,2,0,1,0,0,0,0,0,0,0,0,1,0,0,0,0,0,0,1,0,0,0,0,0,0,0,0,0,0,0,0,0,0,0,5,2,0,0,0,0,0,0,0,0,0,0,0,0,0,0,3,0,0,0,0,0,0,15,0,0,15
2020-09-21,0,0,0,0,0,0,0,0,0,0,0,0,0,0,0,0,0,0,0,0,0,0,0,0,0,0,0,0,0,0,0,0,0,0,2,1,0,0,0,0,0,0,0,0,0,0,1,0,0,2,1,0,0,0,0,0,0,7,0,0,7
2020-09-22,0,0,1,0,0,0,0,0,0,0,0,1,0,0,0,0,0,0,2,0,0,0,0,0,0,0,0,0,0,0,0,0,0,0,0,0,0,0,0,0,0,0,0,0,0,0,0,0,0,0,2,0,0,0,0,0,0,6,0,0,6
2020-09-23,2,0,1,0,0,0,0,0,0,0,0,1,0,0,0,0,0,0,1,0,0,0,0,0,0,0,0,0,0,0,0,0,0,0,0,1,0,0,0,0,0,0,0,0,0,0,0,0,0,1,6,0,0,0,0,0,0,13,0,0,13
2020-09-24,0,0,0,0,0,0,0,0,0,0,1,0,1,0,0,0,0,0,0,0,0,0,0,0,0,0,0,0,0,0,0,0,0,0,0,1,0,0,0,0,0,0,0,0,0,0,0,0,0,0,3,0,0,0,0,0,0,6,0,0,6
2020-09-25,0,0,0,0,0,0,0,0,1,0,0,3,0,0,0,0,0,0,0,0,0,0,0,0,0,0,0,0,0,0,0,0,0,0,1,0,0,0,0,0,0,0,0,0,0,0,0,0,0,0,1,0,0,0,0,0,0,6,0,0,6
2020-09-26,2,0,0,0,0,0,0,0,0,0,0,1,0,0,0,0,0,0,1,0,0,0,0,0,0,0,0,0,0,0,0,0,0,0,1,2,0,0,3,0,0,0,0,0,0,0,0,0,0,1,9,0,0,0,0,0,0,17,0,3,20
2020-09-27,2,0,1,0,0,0,0,0,0,0,0,2,1,0,0,0,0,0,1,0,0,0,0,0,0,0,0,0,0,0,0,0,0,0,2,0,0,0,2,0,0,0,0,0,0,0,0,0,0,1,8,0,0,0,0,0,0,18,0,2,20
2020-09-28,0,0,0,0,0,0,0,0,0,0,1,3,0,0,0,0,0,0,0,0,0,0,0,0,0,0,0,0,0,0,0,0,0,0,2,1,0,0,0,0,0,0,0,0,0,0,0,0,0,1,6,0,0,0,0,0,0,14,0,0,14
2020-09-29,0,0,2,0,0,0,0,0,0,0,1,3,0,0,0,0,0,0,0,0,0,0,0,0,0,0,0,0,0,0,0,0,0,0,1,4,0,0,0,0,0,0,0,0,0,0,0,0,0,1,7,0,0,0,0,0,0,19,0,0,19
2020-09-30,1,0,4,0,0,0,0,0,0,0,0,1,0,0,0,0,0,0,0,0,0,0,0,0,0,0,0,0,0,0,0,0,0,0,4,3,0,0,0,0,0,0,0,0,0,0,1,0,0,0,11,0,0,0,0,0,0,25,0,0,25
2020-10-01,0,0,4,0,0,0,0,0,0,0,0,0,0,0,0,0,0,0,1,0,0,0,0,0,0,0,0,0,0,0,0,0,0,0,3,5,0,0,0,0,0,0,0,0,0,0,0,1,0,1,14,0,0,0,0,0,0,28,0,0,29
2020-10-02,0,0,1,0,0,0,0,0,0,0,0,5,0,0,0,0,0,0,0,0,0,0,0,0,0,0,0,0,0,0,0,0,0,0,2,4,0,0,0,0,0,0,0,0,0,0,0,0,0,3,10,0,0,0,0,0,0,25,0,0,25
2020-10-03,0,0,1,0,0,0,0,0,0,0,3,0,0,0,0,0,0,0,0,0,0,0,0,0,0,0,0,0,0,0,0,0,0,0,3,3,0,0,0,0,0,0,0,0,0,0,0,0,0,2,17,0,0,0,0,0,0,29,0,0,29
2020-10-04,1,0,0,0,0,0,0,0,0,0,0,2,0,0,0,0,0,0,0,0,0,0,0,0,0,0,0,0,0,0,0,0,0,0,0,3,0,0,0,0,0,0,0,0,0,0,1,0,0,0,13,0,0,0,0,0,0,20,0,0,20
2020-10-05,0,0,0,0,0,0,0,0,0,0,1,3,0,0,0,0,0,0,0,0,0,0,0,0,0,0,0,0,0,0,0,0,0,0,0,1,0,0,0,0,0,0,0,0,0,0,1,0,0,4,9,0,0,0,0,0,0,19,0,0,19
2020-10-06,0,0,0,0,0,0,0,0,0,0,0,3,1,0,0,0,0,0,2,0,0,0,0,0,0,0,0,0,0,0,0,0,0,0,0,2,0,0,0,0,0,0,0,0,0,0,1,0,0,1,12,0,0,0,0,0,0,22,0,0,22
2020-10-07,1,0,0,0,0,0,0,0,0,0,0,5,0,0,0,0,0,0,0,0,0,0,0,0,0,0,0,0,0,0,0,0,0,0,4,2,0,0,0,0,0,0,0,0,0,0,1,0,0,3,10,0,0,0,0,0,0,26,0,0,26
2020-10-08,0,0,0,0,0,0,0,0,0,0,1,5,0,0,0,0,0,0,0,0,0,0,0,0,0,0,0,0,0,0,0,0,1,0,1,2,0,0,0,0,0,0,0,0,0,0,0,0,0,1,15,0,0,0,0,0,0,25,0,0,26
2020-10-09,0,0,0,0,0,0,0,0,0,0,0,2,0,0,0,0,0,0,3,0,2,0,0,0,0,0,0,0,0,0,0,0,0,0,1,3,0,0,0,0,0,0,0,0,0,0,2,0,0,1,14,0,0,0,0,0,0,26,2,0,28
2020-10-10,1,0,1,0,0,0,0,0,0,0,0,0,0,0,0,0,0,0,0,0,0,0,0,0,0,0,0,0,0,0,0,0,0,0,2,3,0,0,0,0,0,0,0,0,0,0,1,0,0,1,10,0,0,0,0,0,0,19,0,0,19
2020-10-11,0,0,0,0,0,0,0,0,0,0,0,1,0,0,0,0,0,0,0,0,2,0,0,0,0,0,0,0,0,0,0,0,0,0,0,3,0,0,0,0,0,0,0,0,0,0,0,0,0,1,4,0,0,0,0,0,0,9,2,0,11
2020-10-12,0,0,5,0,0,0,0,0,0,0,0,1,0,0,0,0,0,0,0,0,0,0,0,0,0,0,0,0,0,0,0,0,0,0,0,0,0,0,0,0,0,0,0,0,0,0,0,0,0,1,7,0,0,0,0,0,0,14,0,0,14
2020-10-13,0,0,0,0,0,0,0,0,0,0,0,0,0,0,0,0,0,0,0,0,1,0,0,0,0,0,0,0,0,0,0,0,0,0,2,3,0,0,0,0,0,0,0,0,0,0,0,0,0,0,8,0,0,0,0,0,0,13,1,0,14
2020-10-14,0,0,0,0,0,0,0,0,0,0,1,0,1,0,0,0,0,0,0,0,1,0,0,0,0,0,0,0,0,0,0,0,1,0,3,5,0,0,0,0,0,0,0,0,0,0,2,0,0,1,5,0,0,0,0,0,0,18,1,0,20
2020-10-15,4,0,0,0,0,0,0,0,0,0,1,3,1,0,0,0,0,0,2,0,1,0,0,0,0,0,0,0,0,0,0,0,1,0,0,7,0,0,0,0,0,0,0,0,0,0,0,0,0,0,19,0,0,0,0,0,0,37,1,0,39
2020-10-16,0,0,0,0,0,0,0,0,0,0,0,1,0,0,0,0,0,0,2,0,8,0,0,0,0,0,0,0,0,0,0,0,0,0,0,6,0,0,4,0,0,0,0,0,0,0,0,0,0,0,9,0,0,0,0,0,0,18,8,4,30
2020-10-17,0,0,4,0,0,0,0,0,0,0,0,2,1,0,0,0,0,0,1,0,5,0,0,0,0,0,0,0,0,0,0,0,0,0,1,1,0,0,5,0,0,0,0,0,0,0,1,0,0,1,11,0,0,0,0,0,0,23,5,5,33
2020-10-18,1,0,2,0,0,0,0,0,0,0,0,1,0,0,0,0,0,0,0,0,3,0,0,0,0,0,0,0,0,0,0,0,0,0,1,5,0,0,11,0,0,0,0,0,0,0,1,0,0,1,2,0,0,0,0,0,0,14,3,11,28
2020-10-19,0,0,0,0,0,2,0,0,0,0,1,1,2,0,0,0,0,0,0,0,5,0,0,0,0,0,0,0,0,0,0,0,0,0,3,4,0,0,6,0,0,0,0,0,0,0,2,0,0,0,9,0,0,0,0,0,0,22,5,8,35
2020-10-20,1,0,1,0,0,0,0,0,0,0,2,1,0,0,0,0,0,0,0,0,1,0,0,0,0,0,0,0,0,0,0,0,0,0,1,2,0,0,5,0,0,1,0,0,0,0,1,0,0,0,5,0,0,0,0,0,0,14,1,5,21
2020-10-21,2,0,6,0,0,0,0,0,0,0,0,4,0,0,0,0,0,0,3,0,1,0,0,0,0,0,0,0,0,0,0,0,0,0,3,4,0,0,4,0,0,0,0,0,0,0,0,0,0,1,9,0,0,0,0,0,0,32,1,4,37
2020-10-22,0,0,4,0,0,0,0,0,0,0,2,2,1,0,0,0,0,0,3,0,7,0,0,0,0,0,0,0,0,0,0,0,0,0,5,2,0,0,3,0,0,0,0,0,0,0,1,0,0,1,7,0,0,0,0,0,0,28,7,3,38
2020-10-23,4,0,2,0,0,0,0,0,0,0,1,4,4,0,0,0,0,0,1,0,1,0,0,0,0,0,0,0,0,0,0,0,2,0,4,6,0,0,6,0,0,0,0,0,0,0,0,0,0,3,7,0,0,0,0,0,0,36,1,6,45
2020-10-24,0,0,0,0,0,0,0,0,2,0,2,1,1,0,0,0,0,0,2,0,1,0,0,0,0,0,0,0,0,0,0,0,0,0,4,3,0,0,5,0,0,0,0,0,0,0,2,0,0,2,15,0,0,0,0,0,0,34,1,5,40
2020-10-25,1,0,1,0,0,1,0,0,0,0,2,3,0,0,0,0,0,0,1,0,2,0,0,0,0,0,0,0,0,0,0,0,0,0,6,4,0,0,0,0,0,0,0,0,0,0,2,0,0,0,8,0,0,0,0,0,0,28,2,1,31
2020-10-26,0,0,0,0,0,0,0,0,0,0,1,6,2,0,0,0,0,0,0,0,1,0,0,0,0,0,0,0,0,0,0,0,1,0,2,4,0,0,5,0,0,0,0,0,0,0,0,0,0,2,5,0,0,0,0,0,0,22,1,5,29
2020-10-27,0,0,2,0,0,0,0,0,0,0,0,1,1,0,0,0,0,0,1,0,1,0,0,0,0,0,0,0,0,0,0,0,0,0,0,3,0,0,3,0,0,0,0,1,0,0,1,0,0,1,7,0,0,0,0,0,0,17,1,3,22
2020-10-28,0,0,0,0,0,0,0,0,0,0,0,2,1,0,0,0,0,0,2,0,3,0,0,0,0,0,0,0,0,0,0,0,0,0,3,3,0,0,5,0,0,0,0,0,0,0,2,0,0,2,6,0,0,0,0,0,0,21,3,5,29
2020-10-29,2,0,0,0,0,1,0,0,1,0,0,0,0,0,0,0,0,0,2,0,3,0,0,0,0,0,0,0,0,0,0,0,0,0,2,1,0,0,3,0,0,0,0,0,0,0,0,0,0,1,16,0,0,0,0,0,0,25,3,4,32
2020-10-30,0,0,2,0,0,0,0,0,0,0,1,3,0,0,0,0,0,0,3,0,0,0,0,0,0,0,0,0,0,0,0,0,0,0,3,0,0,0,0,0,0,0,0,0,0,0,4,0,0,0,11,0,0,0,0,0,0,27,0,0,27
2020-10-31,2,0,2,0,0,0,0,0,0,0,1,3,0,0,0,0,0,0,2,0,0,0,0,0,0,0,0,0,0,0,0,0,0,0,3,4,0,0,1,0,0,0,0,0,0,0,2,0,0,1,10,0,0,0,0,0,0,30,0,1,31
2020-11-01,1,0,2,0,0,1,0,0,0,0,3,1,0,0,0,0,0,0,0,0,3,0,0,0,0,0,0,0,0,0,0,0,0,0,3,3,0,0,0,0,0,0,0,0,0,0,2,0,0,1,7,0,0,0,0,0,0,23,3,1,27
2020-11-02,0,0,0,0,0,0,0,0,0,0,0,2,0,0,0,0,0,0,0,0,1,0,0,0,0,0,0,0,0,0,0,0,0,0,2,1,0,0,0,0,0,0,0,0,0,0,1,0,0,0,6,0,0,0,0,0,0,12,1,0,13
2020-11-03,0,0,1,0,0,0,0,0,0,0,0,2,0,1,0,0,0,0,3,0,0,0,0,0,0,0,0,0,0,0,0,0,0,0,1,1,0,0,0,0,0,0,0,0,0,0,2,0,0,1,7,0,0,0,0,0,0,18,0,0,19
2020-11-04,0,0,0,0,0,0,0,0,0,0,0,1,0,0,0,0,0,0,1,0,0,0,0,0,0,0,0,0,0,0,0,0,0,0,2,3,0,0,0,0,0,0,0,0,0,0,3,0,0,0,6,0,0,0,0,0,0,16,0,0,16
2020-11-05,0,0,1,0,0,0,0,0,0,0,0,0,1,0,0,0,0,0,5,0,0,0,0,0,0,0,0,0,0,0,0,0,0,0,0,6,0,0,3,0,0,0,0,0,0,0,2,0,0,0,9,0,0,0,0,0,0,24,0,3,27
2020-11-06,0,0,3,0,0,0,0,0,0,0,0,3,0,0,0,0,0,0,0,0,1,0,0,0,0,0,0,0,0,0,0,0,0,0,3,0,0,0,0,0,0,0,0,0,0,0,1,0,0,2,8,0,0,0,0,0,0,20,1,0,21
2020-11-07,1,0,1,0,0,0,0,0,1,0,0,1,0,0,0,0,0,0,4,0,0,0,0,0,0,0,0,0,0,0,0,0,0,0,4,3,0,0,0,0,0,0,0,0,0,0,3,0,0,0,14,0,0,0,0,0,0,32,0,0,32
2020-11-08,0,0,3,0,0,0,0,0,0,0,0,1,0,0,0,0,0,0,1,0,0,0,0,0,0,0,0,0,0,0,0,0,0,0,2,1,0,0,4,0,0,0,0,0,0,0,0,0,0,3,14,0,0,0,0,0,0,25,0,4,29
2020-11-09,1,0,0,0,0,0,0,0,0,0,0,2,0,0,0,0,0,0,2,0,0,0,0,0,0,0,0,0,0,0,0,0,0,0,1,2,0,0,0,0,0,0,0,0,0,0,2,0,0,0,8,0,0,0,0,0,0,18,0,0,18
2020-11-10,1,0,0,0,0,0,0,0,1,0,1,3,0,0,0,0,0,0,1,0,1,0,0,0,0,0,0,0,0,0,0,0,0,0,0,7,0,0,2,0,0,0,0,0,0,0,1,0,0,0,7,0,0,0,0,0,0,22,1,2,25
2020-11-11,4,0,2,0,0,0,0,0,0,0,1,1,0,0,0,0,0,0,3,0,0,0,0,0,0,0,0,0,0,0,0,0,0,0,3,1,0,0,1,0,0,0,0,0,0,0,1,0,0,6,13,0,0,0,0,0,0,35,0,1,36
2020-11-12,0,0,0,0,0,0,0,0,0,0,0,0,0,0,0,0,0,0,3,0,0,0,0,0,0,0,0,0,0,0,0,0,1,0,3,2,0,0,0,0,0,0,0,0,0,0,1,0,0,2,12,0,0,0,0,0,0,23,0,0,24
2020-11-13,1,0,1,0,0,0,0,0,0,0,2,4,0,0,0,0,0,0,3,0,0,0,0,0,0,0,0,0,0,0,0,0,1,0,4,5,0,0,0,0,0,0,0,0,0,0,2,0,0,1,24,0,0,0,0,0,0,47,0,0,48
2020-11-14,1,0,0,0,0,0,0,0,0,0,2,1,2,0,0,0,0,0,4,0,1,0,0,0,0,0,0,0,0,0,0,0,0,0,0,2,0,0,1,0,0,0,0,0,0,0,0,0,0,0,12,0,0,0,0,0,0,24,1,1,26
2020-11-15,0,0,1,0,0,0,0,0,0,0,2,3,1,0,0,0,0,0,1,0,0,0,0,0,0,0,0,0,0,0,0,0,0,0,2,6,0,0,2,0,0,0,0,0,0,0,4,0,0,0,23,0,0,0,0,0,0,43,0,2,45
2020-11-16,0,0,0,0,0,0,0,0,2,0,3,3,1,0,0,0,0,0,0,0,1,0,0,0,0,0,0,0,0,0,0,0,0,0,0,2,0,0,0,0,0,0,0,0,0,0,0,0,0,0,15,0,0,0,0,0,0,26,1,0,27
2020-11-17,0,0,1,0,0,0,0,0,0,0,2,1,2,0,0,0,0,0,4,0,0,0,0,0,0,0,0,0,0,0,0,0,0,0,2,3,0,0,0,0,0,0,0,0,0,0,0,0,0,2,7,0,0,0,0,0,0,24,0,0,24
2020-11-18,1,0,2,0,0,0,0,0,1,0,3,4,1,0,0,0,0,0,8,0,0,0,0,0,0,0,0,0,0,0,0,0,0,0,4,3,0,0,0,0,0,0,0,0,0,0,0,0,0,2,12,0,0,0,0,0,0,41,0,0,41
2020-11-19,3,0,5,0,0,0,0,0,1,0,0,1,1,0,0,0,0,0,6,0,0,0,0,0,0,0,0,0,0,0,0,0,0,0,6,3,0,0,0,0,0,0,0,0,0,0,0,0,0,2,25,0,0,0,0,0,0,53,0,0,53
2020-11-20,0,0,1,0,0,0,0,0,1,0,3,2,0,0,0,0,0,0,6,0,0,0,0,0,0,0,0,0,0,0,0,0,0,0,5,5,0,0,0,0,0,0,0,0,0,0,1,0,0,3,13,0,0,0,0,0,0,40,0,0,40
2020-11-21,2,0,3,0,0,0,0,0,1,0,1,5,0,0,0,0,0,0,6,0,0,0,0,0,0,0,0,0,0,0,0,0,0,0,2,5,0,0,0,0,0,0,0,0,0,0,0,0,0,1,16,0,0,0,0,0,0,42,0,0,42
2020-11-22,1,0,1,0,0,0,0,0,1,0,2,3,0,0,0,0,0,0,1,0,0,0,0,0,0,0,0,0,0,0,0,0,0,0,5,6,0,0,0,0,0,0,0,0,0,0,0,0,0,0,12,0,0,0,0,0,0,32,0,0,32
2020-11-23,1,0,2,0,0,0,0,0,0,0,1,2,0,0,0,0,0,0,0,0,0,0,0,0,0,0,0,0,0,0,0,0,0,0,0,5,0,0,0,0,0,0,0,0,0,0,0,0,0,0,5,0,0,0,0,0,0,16,0,0,16
2020-11-24,0,0,0,0,0,0,0,0,0,0,0,2,0,0,0,0,0,0,1,0,0,0,0,0,0,0,0,0,0,0,0,0,0,0,1,2,0,0,0,0,0,0,0,0,0,0,1,0,0,2,7,0,0,0,0,0,0,16,0,0,16
2020-11-25,0,0,1,0,0,0,0,0,0,0,1,3,0,0,0,0,0,0,4,0,1,0,0,0,0,0,0,0,0,0,0,0,0,0,1,5,0,0,0,0,0,0,0,0,0,0,1,0,0,1,9,0,0,0,0,0,0,26,1,0,27
2020-11-26,4,0,7,0,0,0,0,0,1,0,0,7,1,0,0,0,0,0,11,0,1,0,0,0,0,0,0,0,0,0,0,0,0,0,7,11,0,0,0,0,0,0,0,0,0,0,2,0,0,2,19,0,0,0,0,0,0,72,1,0,73
2020-11-27,0,0,0,0,0,0,0,0,2,0,0,0,0,0,0,0,0,0,3,0,1,0,0,0,0,0,0,0,0,0,0,0,1,0,7,8,0,0,0,0,0,0,0,0,0,0,1,0,0,2,13,0,0,0,0,0,0,36,1,0,38
2020-11-28,3,0,6,0,0,0,0,0,0,0,0,4,4,0,0,0,0,0,7,0,2,0,0,0,0,0,0,0,0,0,0,0,0,0,5,11,0,0,1,0,0,0,0,0,0,0,2,0,0,1,30,0,0,0,0,0,0,73,2,1,76
2020-11-29,2,0,1,0,0,0,0,0,1,0,1,7,2,0,0,0,0,0,1,0,1,0,0,0,0,0,0,0,0,0,0,0,0,0,5,6,0,0,0,0,0,0,0,0,0,0,0,0,0,1,17,0,0,0,0,0,0,44,1,0,45
2020-11-30,0,0,1,0,0,0,0,0,1,0,0,1,5,0,0,0,0,0,0,0,0,0,0,0,0,0,0,0,0,0,0,0,0,0,2,7,0,0,1,0,0,0,0,0,0,0,1,0,0,1,12,0,0,0,0,0,0,31,0,1,32
2020-12-01,1,0,4,0,0,2,0,0,0,0,0,0,1,0,0,0,0,0,2,0,1,0,0,0,0,0,0,0,0,0,0,0,1,0,4,5,0,0,0,0,0,0,0,0,0,0,0,0,0,2,4,0,0,0,0,0,0,23,1,2,27
2020-12-02,2,0,5,0,0,0,0,0,2,0,0,5,2,0,0,0,0,0,7,0,0,0,0,0,0,0,0,0,0,0,0,0,0,0,9,4,0,0,0,0,0,0,0,0,0,0,0,0,0,1,9,0,0,0,0,0,0,46,0,0,46
2020-12-03,1,0,1,0,0,0,0,0,1,0,2,3,4,0,0,0,0,0,2,0,0,0,0,0,0,0,0,0,0,0,0,0,0,0,10,3,0,0,0,0,0,0,0,0,0,0,3,0,0,4,15,0,0,0,0,0,0,49,0,0,49
2020-12-04,2,0,5,0,0,1,0,0,1,0,1,3,1,0,0,0,0,0,1,0,3,0,0,0,0,0,0,0,0,0,0,0,0,0,6,3,0,0,0,0,0,0,0,0,0,0,1,0,0,1,18,0,0,0,0,0,0,43,3,1,47
2020-12-05,1,0,1,0,0,0,0,0,0,0,0,3,1,0,0,0,0,0,3,0,1,0,0,0,0,0,0,0,0,0,0,0,1,0,8,5,0,0,0,0,0,0,0,0,0,0,2,0,0,4,11,0,0,0,0,0,0,39,1,0,41
2020-12-06,0,0,6,0,0,0,0,0,0,0,2,1,0,0,0,0,0,0,1,0,4,1,0,0,0,0,0,0,0,0,0,0,1,0,6,2,0,0,0,0,0,0,0,0,0,0,0,0,0,1,14,0,0,0,0,0,0,33,4,0,39
2020-12-07,1,0,0,0,0,0,0,0,0,0,0,1,0,0,0,0,0,0,2,0,2,0,0,0,0,0,0,0,0,0,0,0,0,0,2,0,0,0,0,0,0,0,0,0,0,0,0,0,0,0,4,0,0,0,0,0,0,10,2,0,12
2020-12-08,1,0,3,0,0,0,0,0,0,0,2,0,3,0,0,0,0,0,1,0,4,0,0,0,0,0,0,0,0,0,0,0,0,0,0,6,0,0,0,0,0,0,0,0,0,0,2,0,0,2,3,0,0,0,0,0,0,23,4,0,27
2020-12-09,2,0,5,0,0,2,0,0,1,0,1,1,0,0,0,0,0,0,3,0,7,0,0,0,0,0,0,0,0,0,0,0,0,0,6,3,0,0,0,0,0,0,0,0,0,0,1,0,0,1,10,0,0,0,0,0,0,34,7,2,43
2020-12-10,4,0,5,0,0,0,0,0,0,0,3,1,6,0,0,0,0,0,1,0,2,0,0,0,0,0,0,0,0,0,0,0,0,0,7,3,0,0,0,0,0,0,0,0,0,0,2,0,0,1,10,0,0,0,0,0,0,43,2,0,45
2020-12-11,1,0,4,0,0,1,0,0,2,0,2,1,4,0,0,0,0,0,0,0,1,0,0,0,0,0,0,0,0,0,0,0,0,0,2,1,0,0,0,0,0,0,0,0,0,0,0,0,0,5,8,0,0,0,0,0,0,30,1,1,32
2020-12-12,3,0,6,0,0,0,0,0,2,0,1,2,9,0,0,0,0,0,1,0,1,0,0,0,0,0,0,0,0,0,0,0,0,0,5,4,0,0,0,0,0,0,0,0,0,0,0,0,0,4,13,0,0,0,0,0,0,50,1,0,51
2020-12-13,1,0,1,0,0,0,0,0,0,0,0,0,0,0,0,0,1,0,0,0,0,0,0,0,0,0,0,0,0,0,0,0,0,0,3,3,0,0,0,0,0,0,0,0,0,0,0,0,0,2,9,0,0,0,0,0,0,19,0,0,20
2020-12-14,0,0,2,0,0,0,0,0,2,0,0,0,4,0,0,0,0,0,0,0,0,0,0,0,0,0,0,0,0,0,0,0,0,0,0,1,0,0,0,0,0,0,0,0,0,0,1,0,0,2,7,0,0,0,0,0,0,19,0,0,19
2020-12-15,0,0,3,0,0,0,0,0,1,0,0,1,2,0,0,0,0,0,0,0,1,0,0,0,0,0,0,0,0,0,0,0,0,0,2,0,0,0,0,0,0,0,0,0,0,0,1,0,0,1,9,0,0,0,0,0,0,20,1,0,21
2020-12-16,0,0,2,0,0,0,0,0,7,0,1,3,11,0,0,0,0,0,0,0,1,0,0,0,0,0,0,0,0,0,0,0,0,0,5,0,0,0,0,0,0,0,0,0,0,0,1,0,0,0,5,0,0,0,0,0,0,35,1,0,36
2020-12-17,0,0,0,0,0,0,0,0,0,0,0,1,5,0,0,0,0,0,2,0,0,0,0,0,0,0,0,0,0,0,0,0,0,0,1,3,0,0,0,0,0,0,0,0,0,0,0,0,0,0,6,0,0,0,0,0,0,18,0,0,18
2020-12-18,2,0,5,0,0,0,0,0,3,0,0,1,5,0,0,0,0,0,2,0,0,0,0,0,0,0,0,0,0,0,0,0,0,0,2,0,0,0,0,0,0,0,0,0,0,0,0,0,0,3,9,0,0,0,0,0,0,32,0,0,32
2020-12-19,1,0,0,0,0,0,0,0,2,0,2,0,2,0,0,0,0,0,3,0,1,0,0,0,0,0,0,0,0,0,0,0,0,0,0,4,0,0,1,0,0,0,0,0,0,0,0,0,0,1,3,0,0,0,0,0,0,18,1,1,20
2020-12-20,0,0,1,0,0,0,0,0,0,0,0,4,6,0,0,0,0,0,1,0,0,0,0,0,0,0,0,0,0,0,0,0,0,0,4,0,0,0,0,0,0,0,0,0,0,0,1,0,0,0,4,0,0,0,0,0,0,21,0,0,21
2020-12-21,0,0,1,0,0,0,0,0,10,0,2,0,2,0,0,0,0,0,0,0,0,0,0,0,0,0,0,0,0,0,0,0,0,0,2,2,0,0,0,0,0,0,0,0,0,0,0,0,0,0,2,0,0,0,0,0,0,21,0,0,21
2020-12-22,0,0,0,0,0,0,0,0,3,0,0,0,0,0,0,0,0,0,0,0,4,0,0,0,0,0,0,0,0,0,0,0,0,0,3,4,0,0,0,0,0,0,0,0,0,0,0,0,0,1,6,0,0,0,0,0,0,17,4,0,21
2020-12-23,1,0,1,0,0,0,0,0,2,0,4,2,3,0,0,0,0,0,5,0,1,0,0,0,0,0,0,0,0,0,0,0,0,0,4,1,0,0,1,0,0,0,0,0,0,0,1,0,0,2,7,0,0,0,0,0,0,33,1,1,35
2020-12-24,2,0,1,0,0,0,0,0,15,0,1,2,5,0,0,0,0,0,1,0,6,0,0,0,0,0,0,0,0,0,0,0,1,0,3,1,0,0,2,0,1,0,0,0,0,0,1,0,0,0,6,0,0,0,0,0,0,38,6,2,48
2020-12-25,1,0,3,0,0,0,0,0,1,0,1,3,2,0,0,0,0,0,0,0,11,0,0,0,0,0,0,0,0,0,0,0,0,0,2,2,0,0,1,0,0,0,0,0,0,0,0,0,0,3,11,0,0,0,0,0,0,29,11,1,41
2020-12-26,0,0,5,0,0,0,0,0,0,0,1,5,7,0,0,0,0,0,4,0,2,0,0,0,0,0,0,0,0,0,0,0,0,0,0,3,0,0,2,0,0,0,0,0,0,0,0,0,0,0,7,0,0,0,0,0,0,32,2,2,36
2020-12-27,0,0,2,0,0,0,0,0,0,0,0,2,6,0,0,0,0,0,0,0,0,0,0,0,0,0,0,0,0,0,0,0,0,0,3,2,0,0,0,0,0,0,0,0,0,1,2,0,0,0,12,0,0,0,0,0,0,29,0,0,30
2020-12-28,0,0,0,0,0,0,0,0,0,0,0,2,3,0,0,0,0,0,1,0,2,0,0,0,0,0,0,0,0,0,0,0,4,0,0,0,0,0,2,0,0,0,0,0,0,0,0,0,0,1,6,0,0,0,0,0,0,13,2,2,21
2020-12-29,2,0,7,0,0,0,0,0,0,0,1,2,2,0,0,0,0,0,2,0,2,0,0,0,0,0,0,0,0,0,0,0,0,0,3,0,0,0,4,0,0,0,0,0,0,0,3,0,0,1,9,0,0,0,0,0,0,32,2,4,38
2020-12-30,0,0,3,0,0,0,1,0,0,0,0,3,2,0,0,0,0,0,3,0,2,0,0,0,0,0,0,0,0,0,0,0,12,0,4,0,0,0,7,0,0,0,0,0,0,0,0,0,0,1,9,0,0,0,0,0,0,25,2,7,47
2020-12-31,0,0,3,0,0,0,0,0,0,0,0,1,7,0,0,0,0,0,2,0,1,0,0,0,0,0,0,0,0,0,0,0,0,0,5,9,0,0,7,0,0,1,0,0,0,0,1,0,0,1,20,0,0,0,0,0,0,49,1,7,58
2021-01-01,0,0,7,0,0,0,0,0,3,0,1,2,8,0,0,0,0,0,2,0,0,0,0,0,0,0,0,0,0,0,0,0,0,0,1,3,0,0,4,0,0,0,0,0,0,0,0,0,0,0,17,0,0,0,0,0,0,44,0,4,48
2021-01-02,0,0,3,0,0,0,0,0,0,0,0,0,0,0,0,0,0,0,0,0,2,0,0,0,0,0,0,0,0,0,0,0,0,0,0,1,0,0,0,0,0,1,0,0,0,0,0,0,0,1,4,0,0,0,0,0,0,9,2,0,12
2021-01-03,2,0,2,0,0,0,0,0,2,1,0,2,0,0,0,0,0,0,2,0,0,0,0,0,0,0,0,0,0,0,0,0,5,0,5,1,0,0,0,0,0,1,0,0,0,0,0,0,0,0,4,0,0,0,0,0,0,20,0,0,27
2021-01-04,0,0,1,0,0,0,0,0,1,0,1,1,10,0,0,0,0,0,0,0,1,0,0,0,0,0,0,0,0,0,0,0,0,0,0,8,0,0,5,0,0,0,0,0,0,0,1,0,0,2,5,0,0,0,0,0,0,30,1,5,36
2021-01-05,2,0,4,0,0,0,0,0,1,0,2,4,3,0,0,0,0,0,4,0,0,0,0,0,0,0,0,0,0,0,0,0,0,0,6,0,0,0,7,0,0,1,0,0,0,0,1,0,0,2,16,0,0,0,0,0,0,45,0,7,53
2021-01-06,5,0,5,0,0,0,0,0,0,0,5,6,11,0,0,0,0,0,4,0,4,0,0,0,0,0,0,0,0,0,0,0,1,0,9,4,0,0,4,0,0,1,0,0,0,0,2,0,0,2,9,0,0,0,0,0,0,62,4,4,72
2021-01-07,3,0,12,0,0,0,0,0,0,0,3,4,5,0,0,0,1,0,3,0,0,0,0,0,0,0,0,0,0,0,1,0,0,0,6,2,0,0,5,0,0,0,0,1,0,0,4,0,0,5,11,0,0,0,0,0,0,58,0,5,66
2021-01-08,4,0,9,0,0,0,0,0,2,0,5,9,6,0,0,0,0,0,2,0,2,0,0,0,0,0,0,0,0,0,0,0,2,0,3,4,0,0,5,0,0,2,0,0,0,0,3,0,0,1,23,0,0,0,0,0,0,71,2,5,82
2021-01-09,0,0,3,0,0,0,0,0,0,0,0,7,6,0,0,0,1,0,5,0,1,0,0,0,0,0,0,0,0,0,0,0,1,0,11,5,0,0,2,0,0,1,0,0,0,0,0,0,0,6,21,0,0,0,0,0,0,64,1,2,70
2021-01-10,2,0,1,0,0,0,0,0,0,0,2,8,1,0,0,0,0,0,6,0,4,0,0,0,0,0,0,0,0,0,0,0,0,0,3,12,0,0,3,0,0,0,0,0,0,0,5,0,0,1,26,0,0,0,0,0,0,67,4,3,74
2021-01-11,1,0,1,0,0,0,0,0,0,0,1,5,6,0,0,0,0,0,0,0,0,0,0,0,0,0,0,0,0,0,0,0,0,0,2,4,0,0,2,0,0,0,0,0,0,0,0,0,0,1,18,0,0,0,0,0,0,39,0,2,41
2021-01-12,1,0,1,0,0,0,0,0,0,0,0,0,1,0,0,0,0,0,1,0,1,0,0,0,0,0,0,0,0,0,0,0,0,0,1,5,0,0,4,0,0,0,0,0,0,0,0,0,0,0,12,0,0,0,0,0,0,22,1,4,27
2021-01-13,1,0,5,0,0,0,0,0,0,0,1,5,6,0,0,0,0,0,4,0,6,0,0,0,0,0,0,0,0,0,0,0,0,0,3,10,0,0,5,0,0,0,0,0,0,0,6,0,0,3,11,0,0,0,0,0,0,55,6,5,66
2021-01-14,6,0,3,0,0,0,0,0,0,0,4,12,4,0,0,0,0,0,5,0,2,0,0,0,0,0,0,0,0,0,0,0,0,0,6,3,0,0,2,0,0,0,0,0,0,0,8,0,0,3,12,0,0,0,0,0,0,66,2,2,70
2021-01-15,4,0,2,0,0,0,0,0,2,0,2,5,5,0,0,0,0,0,2,0,3,0,0,0,0,0,0,0,0,0,0,0,0,0,6,5,0,0,4,0,0,0,0,0,0,0,8,0,0,0,25,0,0,0,0,0,0,66,3,4,73
2021-01-16,5,0,7,0,0,0,0,0,1,0,5,6,6,0,0,0,1,0,7,0,4,0,0,0,0,0,0,0,0,0,3,0,0,0,3,17,0,0,4,0,0,0,0,1,0,0,10,0,0,3,46,0,0,0,0,0,0,116,4,4,129
2021-01-17,12,0,5,0,0,0,0,0,0,1,6,10,1,0,0,0,0,0,1,0,6,0,0,0,0,0,0,0,0,0,0,0,0,0,4,9,0,0,1,0,0,0,0,0,0,0,16,0,0,2,15,0,0,0,0,0,0,81,6,1,89
2021-01-18,3,0,4,0,0,0,0,0,0,0,0,4,8,0,0,0,0,0,3,0,11,0,0,0,0,0,0,0,0,0,1,0,0,0,1,5,0,0,0,0,0,0,0,0,0,0,4,0,0,1,22,0,0,0,0,0,0,55,11,0,67
2021-01-19,10,0,3,0,0,0,0,0,0,0,3,5,5,0,0,0,0,0,7,0,5,0,0,0,0,0,0,0,0,0,0,0,0,0,4,15,0,0,3,0,0,0,0,0,0,0,8,0,0,8,37,0,0,0,0,0,0,105,5,3,113
2021-01-20,22,0,6,0,0,0,0,0,2,0,3,1,11,0,0,0,0,0,6,0,6,0,0,0,0,0,0,0,0,0,0,0,0,0,16,5,0,0,4,0,0,0,0,1,0,0,5,0,0,4,18,0,0,0,0,1,0,99,6,4,111
2021-01-21,3,0,4,0,0,0,0,0,0,0,2,1,9,0,0,0,0,0,5,0,4,0,0,0,0,0,0,0,0,0,0,0,0,0,6,5,0,0,4,0,0,0,0,0,0,0,2,0,0,4,18,0,0,0,0,0,0,59,4,4,67
2021-01-22,11,0,0,0,0,0,0,0,0,0,1,4,13,0,0,0,0,0,1,0,9,0,0,0,0,0,0,1,0,0,0,0,0,0,8,13,0,0,0,0,0,0,0,0,0,0,6,0,0,5,31,0,0,0,0,0,0,93,9,0,103
2021-01-23,5,0,5,0,0,0,0,0,1,0,2,4,3,0,0,0,0,0,5,0,12,0,0,0,0,0,0,0,0,0,0,0,0,0,6,5,0,0,4,0,0,0,0,1,0,0,4,0,0,3,19,0,0,0,0,0,0,62,12,4,79
2021-01-24,7,0,4,0,0,0,0,0,1,0,2,1,5,0,0,0,0,0,3,0,13,0,0,0,0,0,0,0,0,0,1,0,0,0,6,5,0,0,3,0,0,0,0,0,0,0,5,0,0,4,16,0,0,0,0,0,0,59,13,3,76
2021-01-25,0,0,1,0,0,0,1,0,0,0,1,3,2,0,0,0,0,0,1,0,5,0,0,0,0,0,0,0,0,0,0,0,0,0,3,3,0,0,1,0,0,0,0,0,0,0,2,0,0,4,14,0,0,0,0,0,0,34,5,1,41
2021-01-26,3,0,1,0,0,0,0,0,1,0,2,3,7,0,0,0,0,0,0,0,34,0,0,0,0,0,0,0,0,0,0,0,1,0,6,7,0,0,1,0,0,0,0,0,0,0,3,0,0,5,10,0,0,0,0,0,0,48,34,1,84
2021-01-27,10,0,8,0,0,0,0,0,2,0,1,4,8,0,0,0,0,0,5,0,33,0,0,0,0,0,0,0,0,0,0,0,0,0,10,7,0,0,3,0,0,0,0,0,0,0,8,0,0,18,14,0,0,0,0,0,0,95,33,3,131
2021-01-28,5,0,7,0,0,0,0,0,0,0,2,2,8,0,0,0,0,0,7,0,35,0,0,0,0,0,0,0,0,0,0,0,0,0,2,10,0,0,1,0,0,0,0,0,0,0,2,0,0,2,13,0,0,0,0,0,0,60,35,1,96
2021-01-29,1,0,3,0,0,0,0,0,0,1,1,5,7,0,0,0,0,0,0,0,11,0,0,0,0,0,0,0,0,0,0,0,0,0,2,7,0,0,4,0,0,0,0,0,0,0,3,0,0,3,15,0,0,0,0,0,0,47,11,4,63
2021-01-30,20,0,7,0,0,0,0,0,1,0,1,3,3,0,0,0,0,0,2,0,4,0,0,0,0,0,0,0,0,0,0,0,0,0,8,10,0,0,0,0,0,0,0,0,0,0,4,0,0,2,11,0,0,0,0,0,0,72,4,0,76
2021-01-31,1,0,1,0,0,0,0,0,0,0,1,0,1,0,0,0,1,0,4,0,13,0,0,0,0,0,0,0,0,0,1,0,0,0,1,4,0,0,0,0,0,0,0,0,0,0,0,0,0,3,8,0,0,0,0,0,0,24,13,0,39
2021-02-01,0,0,3,0,0,0,0,0,0,0,0,2,1,0,0,0,0,0,0,0,13,0,0,0,0,0,0,0,0,0,0,0,0,0,2,4,0,0,0,0,0,0,0,0,0,0,0,0,0,3,7,0,0,0,0,0,0,22,13,0,35
2021-02-02,0,0,2,0,0,0,0,0,0,0,0,6,4,0,0,0,0,0,2,0,5,0,0,0,0,0,0,0,0,0,0,0,0,0,3,10,0,0,0,0,0,0,0,0,0,0,1,0,0,3,10,0,0,0,0,0,0,41,5,0,46
2021-02-03,5,0,2,0,0,0,0,0,0,0,1,3,10,0,0,0,0,0,2,0,8,0,0,0,0,0,0,0,0,0,0,0,0,0,7,3,0,0,0,0,0,0,0,0,0,0,2,0,0,6,10,0,0,0,0,0,0,51,8,0,59
2021-02-04,9,0,4,0,0,0,0,0,0,0,0,0,2,0,0,0,0,0,3,0,3,0,0,0,0,0,0,0,0,0,0,0,0,0,3,11,0,0,0,0,0,0,0,0,0,0,0,0,0,6,17,0,0,0,0,0,0,55,3,0,58
2021-02-05,3,0,2,0,0,0,0,0,1,0,1,1,0,0,0,0,0,0,2,0,2,0,0,0,0,0,0,0,0,0,0,0,0,0,6,13,0,0,0,0,0,0,0,0,0,0,0,0,0,1,9,0,0,0,0,0,0,39,2,0,41
2021-02-06,3,0,3,0,0,0,0,0,0,0,0,1,3,0,0,0,0,0,2,0,3,0,0,0,0,0,0,0,0,0,0,0,0,0,3,2,0,0,0,0,0,0,0,0,0,0,0,0,0,2,10,0,0,0,0,0,0,29,3,0,32
2021-02-07,2,0,2,0,0,0,0,0,0,0,1,0,1,0,0,0,0,0,1,0,3,0,0,0,0,0,0,0,0,0,0,0,0,0,1,9,0,0,0,0,0,0,0,0,0,0,1,0,0,0,6,0,0,0,0,0,0,24,3,0,27
2021-02-08,2,0,0,0,0,0,0,0,0,0,0,24,0,0,0,0,0,0,0,0,0,0,0,0,0,0,0,0,0,0,0,0,0,0,2,0,0,0,0,0,0,0,0,0,0,0,0,0,0,1,11,0,0,0,0,0,0,40,0,0,40
2021-02-09,1,0,2,0,0,0,0,0,0,0,0,0,0,0,0,0,0,0,0,0,0,0,0,0,0,0,0,0,0,0,0,0,1,0,1,3,0,0,0,0,0,0,0,0,0,0,0,0,0,1,10,0,0,0,0,0,0,18,0,0,19
2021-02-10,5,0,1,0,0,0,0,0,0,0,1,2,1,0,0,0,0,0,1,0,2,0,0,0,0,0,0,0,0,0,0,0,0,0,2,1,0,0,0,0,0,0,0,0,0,0,0,0,0,3,8,0,0,0,0,0,0,25,2,0,27
2021-02-11,2,0,1,0,0,0,0,0,0,0,0,2,1,0,0,0,0,0,0,0,0,0,0,0,0,0,0,0,0,0,0,0,0,0,3,3,0,0,0,0,0,0,0,0,0,0,0,0,0,2,2,0,0,0,0,0,0,16,0,0,16
2021-02-12,1,0,0,0,0,0,0,0,0,0,0,4,1,0,0,0,0,0,0,0,0,0,0,0,0,0,0,0,0,0,0,0,1,0,2,1,0,0,0,0,0,0,0,0,0,0,0,0,0,0,6,0,0,0,0,0,0,15,0,0,16
2021-02-13,0,0,0,0,0,0,0,0,0,0,0,0,0,0,0,0,0,0,0,0,0,0,0,0,0,0,0,0,0,0,0,0,0,0,1,2,0,0,0,0,0,0,0,0,0,0,1,0,0,2,5,0,0,0,0,0,0,11,0,0,11
2021-02-14,2,0,0,0,0,0,0,0,0,0,0,1,0,0,0,0,0,0,1,0,0,0,0,0,0,0,0,0,0,0,0,0,0,0,1,6,0,0,0,0,0,0,0,0,0,0,4,0,0,1,2,0,0,0,0,0,0,18,0,0,18
2021-02-15,1,0,1,0,0,0,0,0,0,0,0,2,0,0,0,0,0,0,0,0,0,0,0,0,0,0,0,0,0,0,0,0,0,0,0,0,0,0,0,0,0,0,0,0,0,0,0,0,0,0,1,0,0,0,0,0,0,5,0,0,5
2021-02-16,5,0,3,0,0,0,0,0,0,0,0,0,2,0,0,0,0,0,0,0,0,0,0,0,0,0,0,0,0,0,0,0,0,0,0,0,0,0,0,0,0,0,0,0,0,0,1,0,0,0,2,0,0,0,0,0,0,13,0,0,13
2021-02-17,3,0,0,0,0,0,0,0,0,0,0,3,1,0,0,0,0,0,0,0,0,0,0,0,0,0,0,0,0,0,0,0,0,0,0,1,0,0,0,0,0,0,0,0,0,0,2,0,0,1,9,0,0,0,0,0,0,20,0,0,20
2021-02-18,0,0,0,0,0,0,0,0,0,0,0,2,0,0,0,0,0,0,1,0,0,0,0,0,0,0,0,0,0,0,0,0,0,0,0,2,0,0,0,0,0,0,0,0,0,0,4,0,0,0,8,0,0,0,0,0,0,17,0,0,17
2021-02-19,1,0,0,0,0,0,0,0,0,0,0,0,2,0,0,0,0,0,1,0,0,0,0,0,0,0,0,0,0,0,0,0,0,0,1,4,0,0,0,0,0,0,0,0,0,0,0,0,0,1,8,0,0,0,0,0,0,18,0,0,18
2021-02-20,0,0,0,0,0,0,0,1,0,0,0,0,0,0,0,0,0,0,1,0,0,0,0,0,0,0,0,0,0,0,0,0,0,0,2,5,0,0,0,0,0,0,0,0,0,0,0,0,0,1,3,0,0,0,0,0,0,12,0,0,13
2021-02-21,0,0,0,0,0,0,0,0,0,0,0,0,0,0,0,0,0,0,0,0,0,0,0,0,0,0,0,0,0,0,0,0,0,0,0,2,0,0,0,0,0,0,0,0,0,0,1,0,0,0,4,0,0,0,0,0,0,7,0,0,7
2021-02-22,0,0,0,0,0,0,0,0,0,0,1,1,0,0,0,0,0,0,0,0,0,0,0,0,0,0,0,0,0,0,0,0,0,0,0,3,0,0,0,0,0,0,0,0,0,0,0,0,0,0,5,0,0,0,0,0,0,10,0,0,10
2021-02-23,3,0,1,0,0,0,0,0,0,0,0,1,0,0,1,0,0,0,1,0,0,0,0,0,0,0,0,0,0,0,0,0,0,0,0,2,0,0,1,0,0,0,0,0,0,0,0,0,0,0,7,0,0,0,0,0,0,15,0,1,17
2021-02-24,1,0,1,0,0,0,0,0,0,0,0,0,0,0,0,0,0,0,2,0,0,0,0,0,0,0,0,0,0,0,0,0,0,0,0,3,0,0,0,0,0,0,0,0,0,0,0,0,0,0,5,0,0,0,0,0,0,12,0,0,12
2021-02-25,1,0,1,0,0,0,0,0,0,0,0,1,0,0,0,0,0,0,5,0,0,0,0,0,0,0,0,0,0,0,0,0,0,0,1,0,0,0,0,0,0,0,0,0,0,0,0,0,0,1,5,0,0,0,0,0,0,15,0,0,15
2021-02-26,1,0,1,0,0,0,0,0,0,0,0,4,0,0,0,0,1,0,0,0,0,0,0,0,0,0,0,1,0,0,0,0,0,0,0,4,0,0,0,0,0,0,0,0,0,0,0,0,0,1,10,0,0,0,0,0,0,21,0,0,23
2021-02-27,1,0,0,0,0,0,0,0,0,0,1,0,1,0,0,0,0,0,1,0,0,0,0,0,0,0,0,0,0,0,0,0,0,0,0,3,0,1,0,0,0,0,0,0,0,0,2,0,0,0,9,0,0,0,0,0,0,18,0,0,19
2021-02-28,1,0,1,0,0,0,0,0,0,0,0,2,0,0,0,0,0,0,0,0,0,0,0,0,0,0,0,0,0,0,0,0,0,0,2,3,0,0,0,0,0,0,0,0,0,0,0,0,0,1,5,0,0,0,0,0,0,15,0,0,15
2021-03-01,0,0,0,0,0,0,0,0,0,0,0,0,0,0,0,0,0,0,0,0,0,0,0,0,0,0,0,0,0,0,0,0,0,0,2,0,0,0,0,0,0,0,0,0,0,0,1,0,0,0,4,0,0,0,0,0,0,7,0,0,7
2021-03-02,1,0,1,0,0,0,0,0,1,0,0,1,0,0,0,0,1,0,2,0,0,0,0,0,0,0,0,0,0,0,0,0,0,0,3,2,0,0,0,0,0,0,0,0,0,0,1,0,0,0,4,0,0,0,0,0,0,16,0,0,17
2021-03-03,0,0,0,0,0,0,0,0,0,0,0,0,0,0,0,0,0,0,2,0,0,0,0,0,0,0,0,0,0,0,0,0,0,0,3,3,0,0,0,0,0,0,0,0,0,0,0,0,0,2,8,0,0,0,0,0,0,18,0,0,18
2021-03-04,0,0,2,0,0,0,1,0,0,0,0,2,0,0,0,0,0,0,2,0,0,0,0,0,0,0,0,0,0,0,0,0,0,0,3,1,0,0,0,0,0,0,0,0,0,0,0,0,0,2,15,0,0,0,0,0,0,27,0,0,28
2021-03-05,2,0,1,0,0,0,0,0,0,0,0,0,0,0,0,0,0,0,0,0,0,0,0,0,0,0,0,0,0,0,0,0,0,0,5,1,0,0,0,0,0,0,0,0,0,0,0,0,0,0,4,0,0,0,0,0,0,13,0,0,13
2021-03-06,0,0,3,0,0,0,0,0,0,0,1,3,0,0,0,0,0,0,6,0,0,0,0,0,0,0,0,0,0,0,0,0,0,0,5,1,0,0,0,0,0,0,0,0,0,0,1,0,0,0,7,0,0,0,0,0,0,27,0,0,27
2021-03-07,0,0,3,0,0,0,0,0,0,0,0,1,0,0,0,0,0,0,1,0,0,0,0,0,0,0,0,0,0,0,0,0,0,0,5,0,0,0,0,0,0,0,0,0,0,0,0,0,0,3,5,0,0,0,0,0,0,18,0,0,18
2021-03-08,0,0,0,0,0,0,0,0,0,0,0,0,0,0,0,0,0,0,0,0,0,0,0,0,0,0,0,0,0,0,0,0,0,0,0,1,0,0,0,0,0,0,0,0,0,0,2,0,0,0,4,0,0,0,0,0,0,7,0,0,7
2021-03-09,3,0,1,0,0,0,0,0,0,0,1,0,0,0,0,0,0,0,2,0,0,0,0,0,0,0,0,0,0,0,0,0,0,0,2,2,0,0,0,0,0,0,0,0,0,0,2,0,0,2,7,0,0,0,0,0,0,22,0,0,22
2021-03-10,6,0,3,0,0,0,0,0,0,0,0,0,0,0,0,0,0,0,1,0,0,0,0,0,0,0,0,0,0,0,0,0,0,0,3,2,0,0,0,0,0,0,0,0,0,0,4,0,0,0,7,0,0,0,0,0,0,26,0,0,26
2021-03-11,6,0,1,0,0,0,0,0,0,0,0,0,1,0,0,0,0,0,6,0,0,0,0,0,0,0,0,0,0,0,0,0,0,0,3,5,0,0,1,0,0,0,0,0,0,0,0,0,0,0,6,0,0,0,0,0,0,28,0,1,29
2021-03-12,2,0,5,0,0,0,0,0,0,0,0,3,0,0,0,0,0,0,5,0,0,0,0,0,0,0,0,0,0,0,0,0,0,0,5,3,0,0,1,0,0,0,0,1,0,0,3,0,0,1,9,0,0,0,0,0,0,36,0,1,38
2021-03-13,2,0,3,0,0,0,0,0,0,0,1,1,0,0,0,0,0,0,5,0,0,0,0,0,0,0,0,0,0,0,0,0,1,0,2,8,0,0,0,0,0,0,0,0,0,0,0,0,0,2,5,0,0,0,0,0,0,29,0,0,30
2021-03-14,1,0,2,0,0,0,0,0,0,1,0,0,0,0,0,0,0,0,0,0,0,0,0,0,0,0,1,0,0,0,0,0,2,0,0,5,0,0,0,0,1,0,0,0,0,0,1,0,0,0,9,0,0,0,0,0,0,18,0,0,23
2021-03-15,0,0,0,0,0,0,0,0,0,0,0,1,0,0,0,0,0,0,0,0,0,0,0,0,0,0,0,0,0,0,0,0,0,0,2,4,0,0,1,0,0,0,0,0,0,0,1,0,0,0,7,0,0,0,0,0,0,15,0,1,16
2021-03-16,2,0,2,0,0,0,0,0,0,0,2,1,1,0,0,0,0,0,1,0,0,0,0,0,0,0,0,0,0,0,0,0,0,0,6,4,0,0,0,0,0,0,0,0,0,0,0,0,0,1,7,0,0,0,0,0,0,27,0,0,27
2021-03-17,0,1,2,0,0,0,0,0,0,0,1,1,0,0,0,0,0,0,5,0,1,0,0,0,0,0,0,0,0,0,0,0,1,0,1,3,0,0,4,0,0,0,0,0,0,0,0,0,0,2,13,0,0,0,0,0,0,28,1,4,35
2021-03-18,1,0,4,0,0,0,0,0,0,0,0,1,0,0,0,0,0,0,5,0,1,0,0,0,0,0,0,0,0,0,0,0,0,0,3,7,0,0,2,0,0,0,0,0,0,0,1,0,0,1,17,0,0,0,0,0,0,40,1,2,43
2021-03-19,2,0,9,0,0,0,0,0,0,0,0,1,1,0,0,0,0,0,9,0,0,0,0,0,0,0,0,0,0,0,0,0,0,0,1,2,0,0,1,0,1,0,0,0,0,0,0,0,0,2,15,0,0,0,0,0,0,42,0,1,44
2021-03-20,3,0,4,0,0,0,0,0,0,0,1,6,0,0,0,0,0,0,15,0,0,0,0,0,0,0,0,0,0,0,0,0,0,0,3,12,0,0,1,0,1,0,0,0,0,0,1,0,0,0,18,0,0,0,0,0,0,63,0,1,65
2021-03-21,0,0,3,0,0,0,0,0,0,0,1,1,0,0,0,0,0,0,2,0,0,0,0,0,0,0,0,0,0,0,0,0,0,0,1,3,0,0,1,0,1,0,0,0,0,0,0,0,0,0,11,0,0,0,0,0,0,22,0,1,24
2021-03-22,0,0,3,0,0,0,0,0,0,0,1,0,0,0,0,0,0,0,5,0,1,0,0,0,0,0,0,0,0,0,0,0,0,0,1,2,0,0,0,0,1,0,0,0,0,0,0,0,0,1,3,0,0,0,0,0,0,16,1,0,18
2021-03-23,4,0,12,0,0,0,0,0,0,0,1,5,0,0,0,0,0,0,14,0,1,0,0,0,0,0,0,0,0,0,0,0,0,0,7,8,0,0,0,0,0,0,0,0,0,0,5,0,0,4,14,0,0,0,0,0,0,74,1,0,75
2021-03-24,2,0,8,0,0,0,0,0,0,0,0,8,1,0,0,0,0,0,12,0,0,0,0,0,0,0,0,0,0,0,0,0,0,0,8,5,0,0,0,0,0,0,0,0,0,0,2,0,0,2,20,0,0,0,0,0,0,68,0,0,68
2021-03-25,3,0,13,0,0,0,0,0,1,0,2,3,1,0,0,0,0,0,9,0,1,0,0,0,0,0,0,0,0,0,0,0,0,0,12,10,0,0,0,0,0,0,0,0,0,0,7,0,0,0,15,0,0,0,0,0,0,76,1,0,77
2021-03-26,4,0,9,0,0,0,0,0,0,0,4,8,0,0,0,0,0,0,12,0,3,0,0,0,0,0,0,0,0,0,0,0,0,0,11,8,0,0,0,0,0,0,0,0,0,0,5,0,0,7,17,0,0,0,0,0,0,85,3,0,88
2021-03-27,7,0,5,0,0,0,0,0,0,0,2,9,0,0,0,0,1,0,14,0,1,0,0,0,0,0,0,0,0,0,0,0,0,0,8,11,0,0,0,0,0,0,0,0,0,0,2,0,0,1,37,0,0,0,0,0,0,96,1,0,98
2021-03-28,3,0,12,0,0,0,0,0,0,0,3,4,0,0,0,0,1,0,3,0,0,0,0,0,0,0,0,0,0,0,0,0,0,0,5,10,0,0,2,0,0,0,0,0,0,0,2,0,0,2,21,0,0,0,0,0,0,65,0,2,68
2021-03-29,1,0,3,0,0,0,0,0,0,0,0,6,1,0,0,0,0,0,3,0,1,0,0,0,0,0,0,0,0,0,0,0,0,0,2,5,0,0,0,0,0,0,0,0,0,0,0,0,0,1,19,0,0,0,0,0,0,41,1,0,42
2021-03-30,2,0,7,0,0,0,0,0,0,0,2,9,2,0,0,0,0,0,10,0,2,0,0,0,0,0,0,0,0,0,1,0,0,0,2,20,0,0,0,0,0,0,0,0,0,0,5,0,0,4,21,0,0,0,0,0,0,84,2,0,87
2021-03-31,6,0,10,0,0,0,0,0,0,0,2,8,3,0,0,0,0,0,11,0,1,0,0,0,0,0,0,0,0,0,0,0,0,0,8,12,0,0,2,0,0,0,0,0,0,0,8,0,0,11,29,0,0,0,0,0,0,108,1,2,111
2021-04-01,7,0,6,1,0,0,0,0,0,0,1,9,2,0,0,0,0,0,14,0,1,0,0,0,0,0,0,0,0,0,0,0,0,0,12,12,0,0,0,0,0,0,0,0,0,0,4,0,0,8,16,0,0,0,0,0,0,91,1,0,93
2021-04-02,3,0,11,0,0,0,0,0,0,0,2,7,6,0,0,0,0,0,13,0,2,0,0,0,0,0,0,0,0,0,0,0,0,0,12,11,0,0,0,0,0,0,0,0,0,0,9,0,0,5,21,0,0,0,0,0,0,100,2,0,102
2021-04-03,9,0,13,0,0,0,0,0,1,0,0,9,4,0,0,0,0,0,6,0,2,0,0,0,0,0,0,0,0,0,0,0,0,0,13,12,0,0,0,0,0,0,0,0,0,0,7,0,0,8,33,0,0,0,0,0,0,115,2,0,117
2021-04-04,2,0,16,0,0,0,0,0,0,0,1,8,2,0,0,0,0,0,4,0,3,0,0,0,0,0,0,0,0,0,0,0,0,0,11,17,0,0,1,0,0,0,0,0,0,0,3,0,0,3,25,0,0,0,0,0,0,92,3,1,96
2021-04-05,0,0,0,0,0,0,0,0,0,0,2,4,1,0,0,0,0,0,4,0,3,0,0,0,0,0,0,0,0,0,0,0,0,0,2,3,0,0,0,0,0,0,0,0,0,0,0,0,0,7,24,0,0,0,0,0,0,47,3,0,50
2021-04-06,5,0,8,0,0,0,0,0,2,0,1,16,9,0,0,0,0,0,3,0,2,0,0,0,0,0,0,0,0,0,0,0,0,0,5,12,0,0,1,0,0,0,0,0,0,0,2,0,0,4,27,0,0,0,0,0,0,94,2,1,97
2021-04-07,14,0,11,0,0,0,0,0,0,0,6,15,3,0,0,0,1,0,15,0,0,0,0,0,0,0,0,0,0,0,0,0,0,0,21,19,0,0,1,0,0,0,0,0,0,0,6,0,0,6,36,0,0,0,0,0,0,152,0,1,154
2021-04-08,8,0,15,0,0,0,0,0,3,0,4,10,6,0,0,0,0,0,11,0,3,0,0,0,0,0,0,0,0,0,0,0,0,0,14,9,0,0,0,0,0,0,0,0,0,0,5,0,0,5,46,0,0,0,0,0,0,136,3,0,139
2021-04-09,0,0,0,0,0,0,0,0,0,0,0,0,0,0,0,0,0,0,0,0,0,0,0,0,0,0,0,0,0,0,0,0,0,0,1,0,0,0,0,0,0,0,0,0,0,0,0,0,0,0,0,0,0,0,0,0,0,1,0,0,1
2021-04-10,18,0,29,0,0,0,0,0,5,0,3,25,8,0,0,0,0,0,21,0,5,0,0,0,0,0,0,0,0,0,0,0,0,0,39,17,0,0,6,0,1,0,0,0,0,0,9,0,0,15,67,0,0,0,0,0,0,256,5,6,268
2021-04-11,2,0,11,0,0,0,0,0,0,0,6,9,0,0,0,0,0,0,4,0,1,0,0,0,0,0,0,0,0,0,0,0,0,0,9,16,0,0,3,0,0,0,0,0,0,0,1,0,0,5,19,0,0,0,0,0,0,82,1,3,86
2021-04-12,0,0,2,0,0,0,0,0,0,0,0,0,8,0,0,0,0,0,2,0,3,0,0,0,0,0,0,0,0,0,0,0,0,0,3,3,0,0,1,0,0,0,0,0,0,0,1,0,0,2,12,0,0,0,0,0,0,33,3,1,37
2021-04-13,3,0,9,0,0,0,0,0,3,0,8,11,7,0,0,0,0,0,8,0,5,0,0,0,0,0,0,0,0,0,0,0,0,0,12,11,0,0,1,0,0,0,0,0,0,0,4,0,0,7,34,0,0,0,0,0,0,117,5,1,123
2021-04-14,6,0,15,0,0,0,0,0,3,0,5,8,2,0,0,0,0,0,12,0,3,0,0,0,0,0,0,0,0,0,0,0,0,0,19,10,0,0,0,0,1,0,0,0,0,0,6,0,0,5,41,0,0,0,0,0,0,132,3,0,136
2021-04-15,6,0,5,0,0,0,0,0,7,0,3,15,8,0,0,0,0,0,9,0,3,0,0,0,0,0,0,0,0,0,0,0,0,0,11,19,0,0,2,0,0,0,0,0,0,0,6,0,0,4,33,0,0,0,0,0,0,126,3,2,131
2021-04-16,0,0,5,0,0,0,0,0,0,0,0,14,7,0,1,0,0,0,12,0,5,0,0,0,0,0,0,0,0,0,0,0,0,0,7,8,0,0,7,0,0,0,0,0,0,0,3,0,0,5,28,0,0,0,0,0,0,89,5,7,102
2021-04-17,3,0,12,0,0,0,0,0,3,0,4,13,6,0,0,0,1,0,22,0,12,0,0,0,0,0,0,1,0,0,0,0,0,0,10,19,0,0,0,0,2,0,0,0,0,0,7,0,0,5,46,0,0,0,0,0,0,150,12,0,166
2021-04-18,4,0,6,0,0,0,0,0,0,0,5,11,3,0,0,0,0,0,4,0,4,0,0,0,0,0,0,0,0,0,0,0,0,0,4,7,0,0,0,0,0,0,0,0,0,0,8,0,0,9,26,0,0,0,0,0,0,87,4,0,91
2021-04-19,1,0,0,0,0,0,0,0,1,0,0,6,0,0,0,0,0,0,1,0,12,0,0,0,0,0,0,0,0,0,0,0,0,0,1,5,0,0,0,0,1,0,0,0,0,0,2,0,0,1,16,0,0,0,0,0,0,34,12,0,47
2021-04-20,0,0,2,0,0,0,0,0,3,0,2,14,1,0,0,0,0,0,3,0,7,0,0,0,0,0,0,0,0,0,0,0,0,0,15,11,0,0,2,0,1,0,0,0,0,0,10,0,0,9,32,0,0,0,0,0,0,102,7,2,112
2021-04-21,4,0,5,0,0,0,0,0,2,0,6,13,2,0,0,0,0,0,5,0,11,0,0,0,0,0,0,0,0,0,0,0,0,0,9,3,0,0,1,0,0,0,0,0,0,0,5,0,0,6,19,0,0,0,0,0,0,79,11,1,91
2021-04-22,2,0,5,0,0,0,0,0,3,0,7,12,1,0,0,0,0,0,4,0,17,0,0,0,0,0,0,0,0,0,0,0,0,0,6,12,0,0,0,0,0,0,0,0,0,0,2,0,0,10,38,0,0,0,0,0,0,102,17,0,119
2021-04-23,3,0,5,0,0,0,0,0,21,0,2,14,2,0,0,0,0,0,3,0,13,0,0,0,0,0,0,0,0,1,0,0,0,0,7,7,0,0,2,0,0,0,0,0,0,0,4,0,0,5,25,0,0,0,0,0,0,98,13,2,114
2021-04-24,4,0,7,0,0,0,0,0,2,0,7,27,5,0,0,0,0,0,5,0,4,0,0,0,0,0,0,0,0,1,0,0,0,0,5,10,0,0,0,0,0,0,0,0,0,0,4,0,0,3,30,0,0,0,0,0,0,109,4,0,114
2021-04-25,3,0,2,0,0,0,0,0,0,0,1,8,1,0,0,0,0,0,5,0,5,0,0,0,0,0,0,1,0,0,0,0,0,0,2,7,0,0,4,0,0,0,0,0,0,0,5,0,0,3,19,0,0,0,0,0,0,56,5,4,66
2021-04-26,0,0,1,0,0,0,0,0,1,0,1,1,2,0,0,0,0,0,1,0,13,0,0,0,0,0,0,0,0,0,0,0,0,0,1,2,0,0,0,0,0,0,0,0,0,0,4,0,0,7,10,0,0,0,0,0,0,31,13,0,44
2021-04-27,2,0,5,0,0,0,0,0,6,0,1,9,1,0,0,0,0,0,5,0,2,0,0,0,0,0,0,0,0,0,0,0,0,0,5,10,0,0,0,0,0,0,0,0,0,0,4,0,0,7,28,0,0,0,0,0,0,83,2,0,85
2021-04-28,1,0,10,0,0,0,0,0,3,0,2,7,4,0,0,0,0,0,5,0,4,0,0,0,0,0,0,0,0,0,0,0,0,0,4,3,0,0,0,0,0,1,0,0,0,0,2,0,0,1,15,0,0,0,0,0,0,57,4,0,62
2021-04-29,2,0,1,0,0,0,0,0,0,0,1,6,0,0,0,0,0,0,2,0,7,0,0,0,0,0,0,0,0,0,0,0,0,0,1,1,0,0,0,0,0,0,0,0,0,0,3,0,0,0,11,0,0,0,0,0,0,28,7,0,35
2021-04-30,0,0,0,0,0,0,0,0,0,0,0,0,0,0,0,0,0,0,0,0,0,0,0,0,0,0,0,0,0,0,0,0,0,0,0,0,0,0,0,0,0,0,0,0,0,0,0,0,0,0,0,0,0,0,0,0,0,0,0,0,0
2021-05-01,16,0,7,0,0,0,0,0,4,0,7,30,6,0,0,0,0,0,3,0,13,0,0,0,0,0,0,0,0,0,0,0,0,0,18,16,0,0,1,0,0,0,0,0,0,0,8,0,1,14,56,0,0,0,0,0,1,185,13,1,201
2021-05-02,11,0,0,0,0,0,0,0,1,0,2,9,2,0,0,0,0,0,0,0,2,0,0,0,0,0,0,0,0,0,0,0,1,0,6,5,0,0,0,0,0,0,0,0,0,0,1,0,0,0,16,0,0,0,0,0,0,53,2,0,56
2021-05-03,2,0,1,0,0,0,0,0,0,0,0,6,0,0,0,0,0,0,0,0,9,0,0,0,0,0,0,0,0,0,0,0,0,0,3,3,0,0,0,0,0,0,0,0,0,0,5,0,0,1,27,0,0,0,0,0,0,48,9,0,57
2021-05-04,3,0,1,0,0,0,0,0,0,0,0,4,0,0,0,0,0,0,2,0,0,0,0,0,0,0,0,0,0,0,0,0,0,0,2,0,0,0,1,0,0,0,0,0,0,0,0,0,0,0,20,0,0,0,0,0,0,32,0,1,33
2021-05-05,12,0,5,0,0,0,0,0,0,0,3,8,0,0,0,0,1,0,5,0,6,0,0,0,0,0,0,0,0,0,0,0,2,0,2,1,0,0,1,0,0,0,0,0,0,0,1,0,0,3,13,0,0,0,0,0,0,53,6,1,63
2021-05-06,1,0,1,0,0,0,0,0,0,0,1,1,0,0,0,0,0,0,3,0,4,0,0,0,0,0,0,0,0,0,0,0,0,0,2,2,0,0,4,0,0,0,0,0,0,0,1,0,0,5,14,0,0,0,0,0,0,31,4,4,39
2021-05-07,1,0,2,0,0,0,0,0,3,0,4,12,2,0,0,0,0,0,3,0,5,0,0,0,0,0,0,0,0,0,0,0,1,0,4,3,0,0,6,0,1,0,0,0,0,0,1,0,0,5,29,0,0,0,0,0,0,69,5,6,82
2021-05-08,8,0,6,0,0,0,0,0,3,0,1,14,2,0,0,0,0,0,4,0,2,0,0,0,0,0,0,0,0,0,0,0,0,0,2,7,0,0,3,0,2,0,0,0,0,0,1,0,0,8,30,0,0,0,0,0,0,86,2,3,93
2021-05-09,4,0,23,0,0,0,0,0,1,0,3,10,2,0,0,0,0,0,4,0,2,0,0,0,0,0,0,0,0,0,1,0,0,0,0,4,0,0,6,0,11,0,0,0,0,0,2,0,0,6,24,0,0,0,0,0,0,83,2,6,103
2021-05-10,1,0,1,0,0,0,0,0,0,0,4,6,0,0,0,0,1,0,5,0,2,0,0,0,0,0,0,0,0,0,0,0,0,0,2,1,0,0,4,0,0,0,0,0,0,0,0,0,0,1,8,0,0,0,0,0,0,29,2,4,36
2021-05-11,4,0,3,0,0,0,1,0,2,0,1,12,4,0,0,0,1,0,8,0,4,0,0,0,0,0,0,0,0,0,0,0,0,0,7,9,0,0,8,0,0,0,0,0,0,0,4,0,0,4,58,0,0,0,0,0,0,116,4,8,130
2021-05-12,9,0,9,0,0,0,0,0,2,0,1,4,4,0,0,0,0,0,5,0,2,0,0,0,0,0,0,0,0,0,0,0,0,0,10,4,0,0,7,0,0,0,0,0,0,0,3,0,0,4,26,0,0,0,0,0,0,81,2,7,90
2021-05-13,6,0,6,0,0,0,0,0,2,0,7,10,3,0,0,0,0,0,9,0,2,0,0,0,0,0,0,0,0,0,1,0,1,0,6,12,0,0,12,0,0,0,0,0,0,0,5,0,0,5,57,0,0,0,0,0,0,128,2,12,144
2021-05-14,8,0,10,0,0,1,0,0,0,0,4,6,8,0,0,0,0,0,8,0,5,0,0,0,0,0,0,0,0,0,0,0,0,0,4,8,0,0,16,0,0,0,0,0,0,0,1,0,0,4,51,0,0,0,0,0,0,112,5,17,134
2021-05-15,8,0,14,2,0,1,0,0,1,0,2,11,6,0,0,0,2,0,11,0,4,0,0,0,0,0,0,0,0,0,0,0,0,0,10,11,1,0,10,0,0,0,0,0,0,0,5,0,0,8,53,0,0,0,0,0,0,140,4,11,160
2021-05-16,5,0,3,0,0,0,0,0,0,0,4,5,4,0,0,0,0,0,4,0,0,0,0,0,0,0,0,0,0,0,0,0,0,0,8,7,0,0,8,0,0,0,0,0,0,0,2,0,0,3,24,0,0,0,0,0,0,69,0,8,77
2021-05-17,1,0,1,0,0,1,0,0,1,0,4,0,0,0,0,0,0,0,1,0,5,0,0,0,0,0,0,0,0,0,0,0,0,0,3,4,0,0,8,0,0,0,0,1,0,0,0,0,0,5,23,0,0,1,0,0,0,43,5,9,59
2021-05-18,6,0,13,0,0,0,1,0,0,0,2,14,3,0,0,0,0,0,15,0,1,0,0,0,0,0,0,0,0,0,0,0,0,0,10,18,0,0,7,0,0,0,0,0,0,0,11,0,0,4,63,0,0,0,0,0,0,159,1,7,168
2021-05-19,25,0,12,0,0,0,0,0,0,0,3,9,3,0,0,0,0,1,19,0,2,0,0,0,0,0,0,0,0,0,0,0,1,0,21,16,0,0,13,0,0,0,0,0,0,0,3,0,0,14,60,0,0,0,0,0,0,185,2,13,202
2021-05-20,19,0,14,0,0,0,0,0,0,0,3,9,4,0,1,0,0,0,11,0,7,0,0,0,0,0,0,0,0,0,0,0,0,0,18,9,0,0,18,0,0,0,0,0,0,0,9,0,0,5,70,0,0,0,0,0,0,171,7,18,197
2021-05-21,16,0,12,0,0,0,0,0,0,0,6,10,1,0,0,0,0,0,16,0,7,0,0,0,0,0,0,0,0,0,0,0,0,0,27,15,0,0,18,0,0,0,0,0,0,0,9,0,0,5,65,0,0,0,0,0,0,182,7,18,207
2021-05-22,10,0,17,0,0,0,0,0,0,0,3,13,4,0,0,0,0,0,31,0,10,0,0,0,0,0,0,0,0,0,0,0,0,0,23,18,0,1,8,0,0,0,0,0,0,0,5,0,0,9,78,0,0,0,0,0,1,211,10,8,231
2021-05-23,11,0,8,0,0,0,0,0,1,0,2,8,3,0,0,0,0,0,7,0,17,0,0,0,0,0,0,0,0,0,0,0,0,0,13,14,0,0,6,0,0,0,0,0,0,0,3,0,0,9,54,0,0,0,0,0,0,133,17,6,156
2021-05-24,5,0,3,0,0,1,0,0,0,0,3,6,1,0,0,0,0,0,4,0,5,0,0,0,0,0,0,0,0,0,0,0,0,0,10,10,0,0,12,0,0,0,0,0,0,0,0,0,0,2,42,0,0,0,0,0,0,86,5,13,104
2021-05-25,5,0,14,0,0,3,0,0,0,0,6,12,10,0,1,0,1,0,24,0,16,0,0,0,0,0,0,0,0,0,0,0,0,0,33,21,0,0,15,0,0,0,0,0,0,0,8,0,0,14,73,0,0,0,0,0,0,220,16,18,256
2021-05-26,26,0,26,0,0,0,0,0,1,0,5,16,7,0,0,0,0,0,19,0,11,0,0,0,0,0,0,0,0,0,0,0,0,0,44,37,0,0,10,0,0,0,0,0,0,0,15,0,0,15,69,0,0,0,0,0,0,280,11,10,301
2021-05-27,12,0,13,0,0,2,0,0,1,0,5,15,10,0,0,0,0,0,19,0,7,0,0,0,0,0,0,0,0,0,0,0,0,0,31,24,0,0,16,0,0,0,0,0,0,0,5,0,0,6,74,0,0,0,0,0,0,215,7,18,240
2021-05-28,29,0,23,0,0,0,0,0,0,0,2,20,5,0,0,0,0,0,33,0,8,0,0,0,0,0,0,0,0,0,0,0,0,0,46,26,0,0,14,0,0,0,0,0,0,0,15,0,0,10,80,0,0,0,0,0,0,289,8,14,311
2021-05-29,17,0,18,0,0,3,0,0,0,0,0,29,14,0,0,0,0,0,33,0,14,0,0,0,0,0,0,0,0,0,0,0,0,0,59,32,0,0,16,0,0,0,0,0,0,0,6,0,0,11,82,0,0,0,0,0,0,301,14,19,334
2021-05-30,13,0,23,0,0,0,0,0,0,0,6,26,6,0,1,0,0,0,22,0,5,0,0,0,0,0,0,0,0,0,0,0,0,0,21,31,0,0,10,0,1,0,0,0,0,0,2,0,0,10,94,0,0,0,0,0,0,254,5,10,271
2021-05-31,7,0,5,0,0,0,0,0,0,0,2,4,5,0,0,0,0,0,2,0,8,0,0,0,0,0,0,0,0,0,0,0,0,0,10,15,0,0,25,0,0,0,0,1,0,0,1,0,0,3,54,0,0,0,0,0,0,108,8,25,142
2021-06-01,14,0,11,0,0,0,0,0,0,0,3,16,2,0,0,0,0,0,25,0,8,0,0,0,0,0,0,0,0,0,0,0,0,0,24,32,0,0,14,0,0,0,0,0,0,0,5,0,0,13,52,0,0,0,0,0,0,197,8,14,219
2021-06-02,28,0,23,0,0,0,0,0,2,0,2,18,7,0,0,0,0,0,28,0,20,0,0,0,0,0,0,0,0,0,0,0,0,0,37,33,0,0,13,0,1,0,0,0,0,0,3,0,0,10,71,0,0,0,0,0,0,262,20,13,296
2021-06-03,21,0,22,0,0,0,0,0,0,0,4,23,14,0,0,0,0,0,20,0,6,0,0,0,0,0,0,0,0,0,0,0,0,0,26,20,0,0,12,0,1,0,0,0,0,0,6,0,0,13,56,0,0,0,0,0,0,225,6,12,244
2021-06-04,24,0,31,0,0,0,0,0,0,0,4,13,5,0,0,0,0,0,15,0,9,0,0,0,0,0,0,0,0,0,0,0,0,0,41,21,0,0,17,0,1,0,0,0,0,0,2,0,0,9,53,0,0,0,0,0,0,218,9,17,245
2021-06-05,19,0,16,0,0,0,0,0,0,0,4,17,6,0,0,0,0,0,20,0,12,0,0,0,0,0,0,0,0,0,0,0,1,0,28,32,0,0,13,0,0,0,0,0,0,0,6,0,0,10,77,0,0,0,0,0,0,235,12,13,261
2021-06-06,13,0,18,0,0,0,0,0,0,0,3,8,5,0,0,0,0,0,12,0,6,0,0,0,0,0,0,0,0,0,0,0,0,0,35,15,0,0,3,0,0,0,0,0,0,0,6,0,0,7,52,0,0,0,0,0,0,174,6,3,183
2021-06-07,3,0,8,0,0,0,0,0,0,0,2,6,4,0,0,0,0,0,7,0,3,0,0,0,0,0,0,0,0,0,0,0,0,0,4,10,0,0,2,0,0,0,0,0,0,0,4,0,0,10,41,0,0,0,0,0,0,99,3,2,104
2021-06-08,11,0,14,0,0,0,0,0,0,0,4,12,5,0,0,0,0,0,12,0,2,0,0,0,0,0,0,0,0,0,0,0,0,0,29,23,0,0,4,0,0,0,0,0,0,0,3,0,0,6,33,0,0,0,0,0,0,152,2,4,158
2021-06-09,25,0,15,0,0,0,0,0,1,0,2,8,6,0,0,0,0,0,9,0,8,0,0,0,0,0,0,0,0,0,0,0,0,0,28,14,0,0,5,0,0,0,0,0,0,0,4,0,0,8,41,0,0,0,0,0,0,161,8,5,174
2021-06-10,23,0,9,0,0,0,0,0,1,1,1,15,4,0,0,0,0,0,19,0,3,0,0,0,0,0,0,0,0,0,0,0,0,0,24,18,0,0,5,0,0,0,0,0,0,0,3,0,0,11,29,0,0,0,0,0,0,157,3,5,166
2021-06-11,18,0,7,0,0,0,0,0,3,0,3,4,9,0,0,0,0,0,8,0,5,0,0,0,0,0,0,0,0,0,0,0,0,0,25,14,0,0,9,0,0,0,0,0,0,0,1,0,0,4,35,0,0,0,0,0,0,131,5,9,145
2021-06-12,19,0,6,0,0,0,0,0,5,0,4,7,5,0,0,0,0,0,14,0,1,0,0,0,0,0,0,0,0,0,0,0,0,0,32,13,0,0,7,0,0,0,0,0,0,0,7,0,0,3,33,0,0,0,0,0,0,148,1,7,156
2021-06-13,18,0,5,0,0,0,0,0,1,0,8,2,2,0,0,0,0,0,5,0,2,0,0,0,0,0,0,0,0,0,0,0,0,0,17,5,0,0,4,0,0,0,0,0,0,0,5,0,0,4,26,0,0,0,0,0,0,98,2,4,104
2021-06-14,5,0,2,0,0,0,0,0,0,0,0,4,1,0,0,0,0,0,2,0,6,0,0,0,0,0,0,0,0,0,0,0,0,0,3,4,0,0,1,0,0,0,0,0,0,0,1,0,0,0,25,0,0,0,0,0,0,47,6,1,54
2021-06-15,7,0,8,0,0,0,0,0,2,0,0,6,6,0,0,0,0,0,14,0,1,0,0,0,0,0,0,0,0,0,0,0,0,0,19,7,0,0,3,0,0,0,0,0,0,0,6,0,0,3,25,0,0,0,0,0,0,103,1,3,107
2021-06-16,17,0,12,0,0,0,0,0,0,0,0,6,4,0,0,0,0,0,11,0,4,0,0,0,0,0,0,0,0,0,0,0,0,0,18,10,0,0,1,0,0,0,0,0,0,0,3,0,0,3,26,0,0,0,0,0,0,110,4,1,115
2021-06-17,11,0,5,0,0,0,0,0,4,0,3,1,6,0,0,0,0,0,11,0,6,0,0,0,0,0,0,0,0,0,0,0,0,0,13,12,0,0,3,0,0,0,0,0,0,0,3,0,0,3,16,0,0,0,0,0,0,88,6,3,97
2021-06-18,6,0,6,0,0,0,0,0,0,0,5,2,2,0,0,0,0,0,6,0,2,0,0,0,0,0,0,0,0,0,0,0,0,0,11,9,0,0,1,0,0,0,0,0,0,0,4,0,0,1,30,0,0,0,0,0,0,82,2,1,85
2021-06-19,7,0,14,0,0,0,0,0,2,0,4,7,3,0,0,0,0,0,10,0,0,0,0,0,0,0,0,0,0,0,0,0,1,0,9,16,0,0,0,0,0,0,0,0,0,0,3,0,0,0,20,0,0,0,0,0,0,95,0,0,96
2021-06-20,5,0,5,0,0,0,0,0,0,0,3,2,2,0,0,0,0,0,4,0,3,0,0,0,0,0,0,0,0,0,0,0,0,0,2,11,0,0,0,0,0,0,0,0,0,0,4,0,0,6,14,0,0,0,0,0,0,58,3,0,61
2021-06-21,1,0,5,0,0,0,0,0,0,0,2,0,0,0,0,0,0,0,2,0,1,0,0,0,0,0,0,0,0,0,0,0,0,0,0,5,0,0,0,0,0,0,0,0,0,0,0,0,0,0,17,0,0,0,0,0,0,32,1,0,33
2021-06-22,9,0,11,0,0,0,0,0,3,0,5,8,1,0,0,0,0,0,12,0,1,0,0,0,0,0,0,0,0,0,0,0,0,0,6,21,0,0,1,0,0,0,0,0,0,0,1,0,0,2,16,0,0,0,0,0,0,95,1,1,97
2021-06-23,7,0,15,0,0,1,0,0,0,0,1,11,0,0,0,0,0,0,4,0,0,0,0,0,0,0,0,0,0,0,0,0,0,0,15,16,0,0,0,0,0,0,0,0,0,0,2,0,0,2,22,0,0,0,0,0,0,95,0,1,96
2021-06-24,8,0,3,0,0,0,0,0,0,0,2,3,1,0,0,0,0,0,3,0,2,0,0,0,0,0,0,0,0,0,0,0,0,0,4,6,0,0,0,0,0,0,0,0,0,0,6,0,0,1,23,0,0,0,0,0,0,60,2,0,62
2021-06-25,11,0,7,0,0,0,0,0,0,0,1,11,2,0,0,0,0,0,7,0,1,0,0,0,0,0,0,0,0,0,0,0,0,0,10,5,0,0,1,0,0,0,0,0,0,0,3,0,0,2,21,0,0,0,0,0,0,80,1,1,82
2021-06-26,9,0,15,0,0,0,0,0,0,0,4,7,2,0,0,0,0,0,8,0,1,0,0,0,0,0,0,0,0,0,0,0,0,0,5,4,0,0,5,0,0,0,0,0,0,0,2,0,0,1,11,0,0,0,0,0,0,68,1,5,74
2021-06-27,6,0,8,0,0,0,0,0,0,0,2,8,1,0,0,0,0,0,6,0,0,0,0,0,0,0,0,0,0,0,0,0,0,0,5,3,0,0,1,0,0,0,0,0,0,0,5,0,0,1,15,0,0,0,0,0,0,60,0,1,61
2021-06-28,0,0,1,0,0,0,0,0,0,0,0,5,0,0,0,0,0,0,2,0,0,0,0,0,0,0,0,0,0,0,0,0,0,0,3,2,0,0,1,0,0,0,0,0,0,0,0,0,0,0,11,0,0,0,0,0,0,24,0,1,25
2021-06-29,16,0,7,0,0,0,0,0,0,0,2,4,2,0,0,0,0,0,5,0,1,0,0,0,0,0,0,0,0,0,0,0,0,0,7,6,0,0,2,0,0,0,0,0,0,0,1,0,0,5,26,0,0,0,0,0,0,81,1,2,84
2021-06-30,4,0,14,0,0,0,0,0,0,0,1,8,0,0,0,0,0,0,9,0,0,0,0,0,0,0,0,0,0,0,0,0,0,0,3,3,0,0,2,0,0,0,0,0,0,0,4,0,0,1,18,0,0,0,0,0,0,65,0,2,67
2021-07-01,7,0,4,0,0,0,0,0,0,0,4,9,0,0,0,0,0,0,4,0,4,0,0,0,0,0,0,0,0,0,0,0,0,0,3,5,0,0,0,0,0,0,0,0,0,0,0,0,0,0,23,0,0,0,0,0,0,59,4,0,63
2021-07-02,9,0,7,0,0,0,0,0,0,0,0,6,1,0,0,0,0,0,3,0,0,0,0,0,0,0,0,0,0,0,0,0,0,0,4,9,0,0,1,0,0,0,0,0,0,0,3,0,0,2,16,0,0,0,0,0,0,60,0,1,61
2021-07-03,7,0,10,0,0,0,0,0,2,0,1,5,5,0,0,0,0,0,1,0,1,0,0,0,0,0,0,0,0,0,0,0,0,0,4,7,0,0,2,0,0,0,0,1,0,0,7,0,0,4,19,0,0,0,0,0,0,72,1,2,76
2021-07-04,0,0,7,0,0,0,0,0,2,0,0,3,0,0,0,0,0,0,3,0,1,0,0,0,0,0,0,0,0,0,0,0,0,0,2,4,0,0,0,0,0,0,0,0,0,0,0,0,0,0,12,0,0,0,0,0,0,33,1,0,34
2021-07-05,0,0,1,0,0,0,0,0,0,0,1,1,2,0,0,0,0,0,3,0,0,0,0,0,0,0,0,0,0,0,0,0,0,0,0,2,0,0,1,0,0,0,0,0,0,0,0,0,0,1,16,0,0,0,0,0,0,27,0,1,28
2021-07-06,5,0,9,0,0,1,0,0,0,0,0,2,4,0,0,0,0,0,4,0,2,0,0,0,0,0,0,0,0,0,0,0,0,0,4,4,0,0,2,0,0,0,0,0,0,0,4,0,0,0,21,0,0,0,0,0,0,57,2,3,62
2021-07-07,2,0,7,0,0,0,0,0,0,0,2,6,6,0,0,0,0,0,6,0,1,0,0,0,0,0,0,0,0,0,0,0,1,0,5,2,0,0,1,0,0,0,0,0,0,0,2,0,0,3,14,0,0,0,0,0,0,55,1,1,58
2021-07-08,2,0,3,0,0,3,0,0,0,0,1,4,7,0,0,0,0,0,2,0,1,0,0,0,0,0,0,0,0,0,0,0,1,0,0,2,0,0,1,0,0,0,0,0,0,0,1,0,0,0,7,0,0,0,0,0,0,29,1,4,35
2021-07-09,5,0,7,0,0,0,0,0,0,0,1,3,6,0,0,0,0,0,0,0,10,0,0,0,0,0,0,0,0,0,0,0,0,0,4,3,0,0,0,0,0,0,0,0,0,0,1,0,0,1,14,0,0,0,0,0,0,45,10,0,55
2021-07-10,2,0,17,0,0,0,0,0,1,0,1,4,7,0,0,0,0,0,3,0,2,0,0,0,0,0,0,0,0,0,0,0,0,0,6,6,0,0,0,0,0,0,0,0,0,0,2,0,0,4,9,0,0,0,0,0,0,62,2,0,64
2021-07-11,1,0,5,0,0,1,0,0,0,0,2,2,4,0,0,0,0,0,2,0,0,0,0,0,0,0,0,0,0,0,0,0,0,0,2,3,0,0,0,0,0,0,0,0,0,0,0,0,0,0,7,0,0,0,0,0,0,28,0,1,29
2021-07-12,1,0,5,0,0,0,0,0,0,0,0,1,2,0,0,0,0,0,1,0,1,0,0,0,0,0,0,0,0,0,0,0,0,0,0,2,0,0,0,0,0,0,0,0,0,0,2,0,0,1,12,0,0,0,0,0,0,27,1,0,28
2021-07-13,8,0,15,0,0,0,0,0,3,0,0,5,2,0,0,0,1,0,8,0,1,0,0,0,0,0,0,0,0,0,0,0,0,0,7,1,0,0,0,0,0,0,0,0,0,0,1,0,0,1,12,0,0,0,0,0,0,63,1,0,65
2021-07-14,5,0,7,0,0,0,0,0,1,0,1,7,1,0,0,0,0,0,9,0,5,0,0,0,0,0,0,0,0,0,0,0,0,0,11,3,0,0,0,0,0,0,0,0,0,0,7,0,0,1,25,0,0,0,0,0,0,78,5,0,83
2021-07-15,5,0,4,0,0,0,0,0,2,0,1,2,2,0,0,0,0,0,3,0,2,0,0,0,0,0,0,0,0,0,0,0,0,0,16,4,0,0,0,0,0,0,0,0,0,0,3,0,0,2,14,0,0,0,0,0,0,58,2,0,60
2021-07-16,10,0,11,0,0,0,0,0,0,0,3,2,0,0,0,0,0,0,3,0,3,0,0,0,0,0,0,0,0,0,0,0,0,0,9,5,0,1,1,0,1,0,0,1,0,0,8,0,0,0,18,0,0,0,0,0,0,69,3,1,76
2021-07-17,8,0,13,0,0,0,0,0,1,1,2,3,9,0,0,0,0,0,4,0,8,0,0,0,0,0,0,0,0,0,0,0,0,0,9,4,0,0,0,0,0,0,0,0,0,0,2,0,0,1,16,0,0,0,0,0,0,72,8,0,81
2021-07-18,5,0,4,0,0,0,0,0,2,0,3,5,11,0,0,0,0,0,6,0,3,0,0,0,0,0,0,0,0,0,0,0,1,0,3,5,0,0,0,0,0,0,0,0,0,0,3,0,0,5,14,0,0,0,0,0,0,66,3,0,70
2021-07-19,1,0,2,0,0,0,0,0,2,0,1,4,3,0,0,0,0,0,0,0,4,0,0,0,0,0,0,0,0,0,0,0,0,0,1,1,0,0,0,0,0,0,0,0,0,0,1,0,0,0,15,0,0,0,0,0,0,31,4,0,35
2021-07-20,10,0,19,0,0,0,0,0,2,0,0,7,13,0,0,0,0,0,12,0,1,0,0,0,0,0,0,0,0,0,0,0,0,0,23,16,0,0,0,0,0,0,0,0,0,0,6,0,0,7,38,0,0,0,0,0,0,153,1,0,154
2021-07-21,20,0,24,0,0,0,0,0,2,0,3,10,7,0,0,0,0,0,7,0,7,0,0,0,0,0,0,0,0,0,0,0,0,0,16,17,0,0,0,0,0,0,0,0,0,0,6,0,0,10,40,0,0,0,0,0,0,162,7,0,169
2021-07-22,12,0,18,0,0,0,0,0,1,0,3,7,6,0,0,0,0,0,11,0,1,0,0,0,0,0,0,0,0,0,0,0,1,0,23,11,0,0,2,0,0,0,0,0,0,0,9,0,0,15,33,0,0,0,0,0,0,149,1,2,153
2021-07-23,13,0,3,0,0,0,0,0,1,0,3,11,8,0,0,0,0,0,3,0,0,0,0,0,0,0,0,0,0,0,0,0,0,0,9,4,0,0,0,0,0,0,0,0,0,0,3,0,0,4,38,0,0,0,0,0,0,100,0,0,100
2021-07-24,20,0,10,0,0,0,0,0,3,0,2,5,4,0,0,0,0,0,0,0,0,0,0,0,0,0,0,0,0,0,0,0,0,0,5,13,0,0,0,0,0,0,0,0,0,0,2,0,0,3,32,0,0,0,0,0,0,99,0,0,99
2021-07-25,19,0,30,0,0,0,0,0,0,0,3,16,11,0,0,0,0,0,14,0,0,0,0,0,0,0,0,0,0,0,0,0,0,0,18,21,0,0,3,0,0,0,0,0,0,0,9,0,0,8,57,0,0,0,0,0,0,206,0,3,209
2021-07-26,15,0,6,0,0,0,0,0,0,0,1,8,3,0,0,0,2,0,3,0,4,0,0,0,0,0,0,0,0,0,0,0,0,0,8,17,0,0,1,0,0,0,0,0,0,0,3,0,0,5,39,0,0,0,0,1,0,108,4,1,116
2021-07-27,35,0,49,0,0,0,1,0,3,0,7,18,14,0,0,0,0,0,24,0,5,0,0,0,0,0,0,0,0,0,0,0,0,0,45,28,0,1,6,0,0,0,0,0,0,0,23,0,0,25,70,0,0,0,0,0,0,341,5,6,354
2021-07-28,67,0,27,0,0,0,0,2,2,0,6,26,8,0,0,0,1,0,21,0,4,0,0,0,0,0,0,0,0,0,0,0,1,0,36,34,0,0,8,0,0,0,0,0,0,0,16,0,0,10,78,0,0,0,0,0,0,331,4,8,347
2021-07-29,48,0,42,0,0,0,0,0,1,1,5,26,12,0,0,0,0,0,30,0,7,0,0,0,0,0,0,0,0,0,0,0,0,0,46,37,0,0,2,0,0,0,0,0,0,0,16,0,0,25,91,0,0,0,0,0,2,379,7,2,391
2021-07-30,64,0,24,0,0,0,0,0,4,0,6,30,12,0,0,0,1,0,39,0,4,0,0,0,0,0,0,0,0,0,1,0,0,0,42,17,0,1,1,0,0,1,0,0,0,0,14,0,0,11,110,0,0,0,0,0,0,373,4,1,382
2021-07-31,66,0,42,0,0,0,1,1,3,0,10,21,12,0,0,0,0,0,24,0,7,0,0,0,0,0,0,0,0,0,0,0,1,0,83,34,0,0,4,0,0,1,0,0,0,0,14,0,0,23,92,0,0,0,0,0,0,424,7,4,439
2021-08-01,51,0,30,3,0,0,0,0,2,0,10,32,6,0,0,0,0,0,14,0,5,0,0,0,0,0,0,0,0,0,1,0,2,0,47,25,0,0,3,0,0,1,0,0,0,0,10,0,0,17,107,0,0,0,0,0,0,351,5,3,366
2021-08-02,17,0,4,0,0,0,0,0,1,0,10,19,3,0,1,0,0,0,10,0,8,0,0,0,0,0,0,0,0,0,0,0,0,0,24,29,0,0,2,0,0,0,0,1,0,0,5,0,0,5,71,0,0,0,0,0,0,198,8,2,210
2021-08-03,66,0,33,0,0,0,0,1,3,0,5,38,12,0,2,0,0,0,28,0,12,0,0,0,0,0,0,0,0,1,2,0,0,0,64,48,0,1,4,0,0,0,0,0,0,0,23,1,0,24,99,0,0,0,0,0,0,443,12,4,467
2021-08-04,69,0,51,0,0,0,0,0,9,1,15,49,9,0,0,0,0,0,31,0,10,0,0,0,0,0,0,0,0,0,0,0,3,0,96,48,1,0,8,0,2,0,0,0,0,0,23,0,0,34,143,0,0,0,0,0,0,577,10,8,602
2021-08-05,111,0,70,0,0,3,0,0,11,0,9,39,16,0,1,0,1,0,50,0,11,0,0,0,0,0,0,0,0,0,0,0,2,0,91,47,0,0,13,0,0,1,0,0,0,0,18,1,0,23,130,0,0,0,0,0,0,615,11,16,648
2021-08-06,73,0,58,0,0,0,0,0,3,0,7,26,14,0,0,0,0,0,32,0,16,0,0,0,0,0,0,0,0,2,0,0,1,0,92,45,0,0,6,0,0,1,0,0,0,0,20,0,1,27,141,0,0,0,0,0,0,538,16,6,565
2021-08-07,58,0,50,0,0,3,0,0,7,0,14,42,20,0,0,0,1,0,39,0,18,0,0,0,0,0,0,1,0,0,0,0,0,0,70,41,0,0,10,0,1,1,0,0,0,0,18,0,0,15,139,0,0,0,0,0,0,513,18,13,548
2021-08-08,63,0,50,0,0,1,0,0,6,0,6,32,27,0,0,0,0,0,24,0,11,0,0,0,0,0,0,0,0,0,0,0,1,0,101,51,0,0,12,0,1,2,0,0,0,0,15,0,0,19,152,0,0,0,0,0,0,546,11,13,574
2021-08-09,26,0,32,1,0,0,0,1,0,0,4,19,9,0,0,0,0,0,12,0,13,1,0,0,0,0,0,0,0,0,1,0,1,0,28,21,0,0,13,0,2,0,0,0,0,0,3,0,0,9,136,0,0,0,0,0,0,299,13,13,332
2021-08-10,25,0,16,0,0,2,0,0,3,0,10,17,12,0,1,0,0,0,12,0,32,0,0,0,0,0,0,0,0,0,0,0,1,0,43,28,0,0,18,0,1,2,0,0,0,0,6,0,0,15,88,0,0,0,0,0,0,275,32,20,332
2021-08-11,66,1,69,0,0,1,0,0,10,0,15,43,21,0,0,0,2,0,44,0,16,0,0,0,0,0,0,0,0,0,1,0,3,0,112,48,0,0,19,0,1,0,0,0,0,0,12,0,0,33,121,0,0,0,0,0,0,594,16,20,638
2021-08-12,105,0,92,0,0,3,2,0,9,0,10,44,19,0,1,0,0,0,46,0,23,0,0,0,0,0,0,0,0,0,0,0,1,0,117,37,0,0,15,0,1,1,0,1,0,0,12,0,0,45,148,0,0,0,0,0,0,684,23,18,732
2021-08-13,77,0,73,0,0,6,1,0,9,0,10,35,26,0,1,0,0,0,47,0,40,0,0,0,0,0,0,0,0,0,1,0,3,0,70,38,0,0,21,0,0,2,0,0,0,0,23,0,1,53,184,0,0,0,0,0,0,645,40,27,721
2021-08-14,63,0,76,0,0,15,0,0,2,2,11,47,26,0,1,0,0,0,47,0,37,0,0,0,0,0,0,0,0,0,2,0,3,0,94,63,0,0,22,0,0,1,0,2,0,0,24,0,0,28,185,0,0,0,1,0,0,666,37,37,752
2021-08-15,78,0,78,0,0,5,0,0,7,0,15,23,22,0,3,0,1,1,39,0,40,0,0,0,0,1,0,0,0,0,0,0,4,0,83,32,0,0,23,0,0,0,0,2,0,0,11,0,0,28,165,0,0,0,0,0,0,581,40,28,661
2021-08-16,22,0,21,0,0,6,0,0,0,0,8,12,12,0,0,0,0,0,12,0,25,0,0,0,0,0,0,0,0,0,0,0,0,0,24,44,0,1,25,0,0,1,0,0,0,0,5,0,0,11,110,0,0,0,0,0,0,281,25,31,339
2021-08-17,58,0,53,1,0,0,0,0,6,0,16,30,19,0,1,0,1,0,59,0,42,0,0,0,0,0,0,0,0,0,1,0,1,0,105,69,0,0,19,0,5,1,0,0,0,0,21,0,0,24,152,0,0,0,0,0,0,612,42,19,684
2021-08-18,65,0,118,1,0,0,0,0,5,0,20,60,28,0,3,0,2,0,55,0,36,0,0,0,0,0,0,0,0,0,0,0,3,0,102,35,0,0,16,0,1,0,0,0,0,0,32,0,0,27,151,0,0,0,0,0,1,698,36,16,761
2021-08-19,78,0,90,0,0,1,0,0,10,0,9,45,19,0,0,0,0,0,55,0,35,0,0,0,0,0,0,0,0,0,1,0,1,0,92,83,0,0,9,0,1,0,0,0,0,0,26,0,0,31,182,0,0,0,0,0,0,720,35,10,768
2021-08-20,93,0,77,0,0,6,0,0,13,0,20,34,26,0,1,0,1,0,45,0,22,1,1,0,0,0,0,0,0,0,0,0,0,0,84,61,0,0,18,0,2,0,0,1,1,0,19,0,0,28,188,1,0,0,0,0,0,688,22,24,743
2021-08-21,47,0,66,0,0,0,1,0,11,3,16,46,16,0,0,0,4,0,57,0,42,0,0,0,0,0,0,0,0,0,0,0,0,0,88,45,0,0,19,0,1,1,0,0,0,0,19,0,0,24,172,0,0,0,0,0,0,607,42,19,678
2021-08-22,43,0,56,0,0,0,0,0,10,0,15,33,24,0,0,0,0,0,33,0,13,0,0,1,0,0,0,0,1,0,1,0,3,0,56,62,0,0,16,0,1,0,0,1,0,0,21,0,0,29,166,1,0,0,0,0,0,548,13,16,586
2021-08-23,24,0,27,0,0,0,0,0,7,1,3,10,16,0,0,0,1,0,13,0,17,0,0,0,0,0,0,0,0,0,0,0,0,0,14,25,0,0,9,0,0,0,0,1,0,0,7,0,0,9,96,0,0,0,0,0,0,251,17,9,280
2021-08-24,56,0,59,0,0,2,1,0,10,0,21,64,27,0,0,0,1,0,49,0,31,0,0,0,0,0,0,0,0,0,2,0,2,0,100,69,0,0,33,0,0,2,0,0,1,0,26,0,0,32,161,1,0,0,0,0,0,674,31,35,750
2021-08-25,78,0,89,0,0,3,1,0,9,0,10,49,32,0,0,0,0,0,60,0,39,0,0,1,0,0,0,0,0,0,0,0,0,0,90,42,0,0,23,0,10,0,0,2,0,0,25,0,0,38,206,0,0,0,0,0,2,728,39,26,809
2021-08-26,73,0,58,0,0,0,0,0,13,0,13,45,34,0,0,0,2,0,47,0,25,0,0,0,0,0,0,0,0,0,0,0,2,0,81,67,0,0,21,0,0,0,0,0,0,0,26,0,0,21,151,1,0,0,0,0,0,629,25,21,680
2021-08-27,75,0,68,0,0,34,0,0,11,0,16,43,35,0,0,0,0,0,43,0,34,0,0,0,0,0,0,0,0,0,1,0,3,0,52,37,0,0,21,0,1,2,0,0,0,0,33,0,0,29,153,0,0,0,0,0,0,595,34,55,691
2021-08-28,57,0,73,0,0,6,0,0,8,0,14,31,45,0,2,0,1,0,57,0,24,1,0,0,0,0,0,0,0,0,2,0,3,1,68,55,0,0,15,0,5,0,0,1,0,0,22,0,0,12,153,0,0,0,0,0,0,595,24,21,656
2021-08-29,69,0,68,0,0,4,0,0,12,0,10,43,46,0,0,0,0,0,37,0,16,0,0,0,0,0,0,0,0,0,0,0,0,0,44,39,0,0,16,0,1,0,0,0,0,0,23,0,0,14,138,0,0,0,0,0,0,543,16,20,580
2021-08-30,20,0,16,0,0,3,1,0,6,0,7,7,10,0,0,0,0,0,8,0,11,0,1,0,0,0,0,0,0,0,0,0,0,0,4,13,0,1,11,0,0,0,0,0,0,0,5,0,0,5,75,1,0,0,0,0,2,176,11,14,207
2021-08-31,50,0,83,0,0,4,1,0,15,0,12,36,26,0,0,0,0,0,32,0,8,0,0,0,0,0,0,0,0,0,0,0,0,0,74,44,0,0,16,0,0,0,0,0,0,0,30,0,0,18,105,0,0,0,0,0,0,525,8,20,554
2021-09-01,75,0,79,0,0,9,0,0,9,0,15,42,29,0,0,0,0,0,45,0,13,0,0,0,0,0,0,0,0,0,0,0,1,0,56,30,0,0,10,0,0,0,0,0,0,0,10,0,0,15,97,0,0,0,0,0,0,502,13,19,535
2021-09-02,54,0,65,0,0,3,0,0,12,0,13,39,46,0,0,0,1,0,37,3,18,0,0,0,0,0,0,0,0,0,0,0,0,0,63,32,0,0,10,0,3,0,0,0,0,0,29,0,0,13,123,1,0,0,0,0,0,526,21,13,565
2021-09-03,61,0,60,0,0,4,0,0,16,0,9,37,38,0,0,0,0,0,24,1,17,0,0,0,0,0,0,0,0,0,0,0,0,0,58,35,0,0,10,0,1,0,0,0,0,0,18,0,0,18,100,0,0,0,0,0,0,474,18,14,507
2021-09-04,51,0,55,0,0,7,0,0,21,0,9,30,51,0,0,0,0,0,56,0,6,0,0,0,0,0,0,0,0,0,0,0,1,0,61,44,0,0,26,0,0,1,0,0,0,0,15,0,0,20,103,1,0,0,0,0,0,516,6,33,558
2021-09-05,26,0,46,0,0,0,0,0,13,0,3,26,25,0,0,0,0,0,44,0,3,0,0,0,0,0,0,0,0,0,0,0,0,0,38,30,0,0,4,0,0,1,0,0,0,0,22,0,0,9,77,0,0,0,0,0,0,359,3,4,367
2021-09-06,5,0,7,0,0,0,0,0,0,0,9,14,14,0,0,0,0,0,7,0,3,0,0,0,0,0,0,0,0,0,0,0,0,0,12,15,0,0,8,0,0,0,0,0,0,0,11,0,0,2,60,0,0,0,0,0,0,156,3,8,167
2021-09-07,34,0,31,0,0,0,0,0,6,0,12,30,34,0,0,0,0,0,39,0,8,0,0,0,0,0,0,0,0,0,0,0,0,0,42,35,0,0,9,0,0,0,0,0,0,0,29,0,0,11,63,0,0,0,0,0,0,366,8,9,383
2021-09-08,27,0,46,0,0,2,0,0,5,0,4,27,18,0,1,0,0,0,41,0,5,0,0,0,0,0,0,0,0,0,0,0,0,0,58,37,0,0,6,0,0,0,0,1,0,0,12,0,0,14,109,0,0,0,0,0,0,398,5,8,413
2021-09-09,19,0,25,0,0,2,0,0,13,0,5,26,19,0,0,0,0,0,24,0,3,0,0,0,0,0,0,0,0,0,1,0,1,0,32,39,0,0,10,0,1,0,0,0,0,0,20,0,0,10,86,0,0,0,0,0,0,318,3,12,336
2021-09-10,19,0,28,0,0,0,0,0,7,0,5,28,19,0,0,0,0,0,22,0,9,0,0,0,0,0,0,0,0,0,0,0,0,0,29,21,0,0,2,0,0,0,0,0,0,0,4,0,0,16,92,0,0,0,0,0,0,290,9,2,301
2021-09-11,23,0,19,0,0,1,1,0,6,0,9,23,13,0,0,0,1,0,23,0,8,0,0,0,0,0,0,0,0,0,0,0,0,0,26,32,0,0,2,0,0,0,0,0,0,0,21,0,0,10,52,0,0,0,0,0,0,257,8,3,270
2021-09-12,18,0,16,0,0,0,0,0,6,0,7,31,19,0,1,0,0,0,17,0,0,0,0,0,0,0,0,0,0,0,0,0,0,0,22,35,0,0,1,0,0,0,0,0,0,0,6,0,0,4,90,0,0,0,0,0,0,271,0,1,273
2021-09-13,11,0,7,0,0,0,0,0,1,0,4,6,5,0,0,0,1,0,8,0,1,0,0,0,0,0,0,0,0,0,0,0,0,0,15,21,0,0,4,0,0,0,0,0,0,0,1,0,0,2,53,0,0,0,0,0,0,134,1,4,140
2021-09-14,16,0,16,0,0,0,0,0,8,0,12,22,13,0,0,0,0,0,25,0,3,0,0,0,0,0,0,0,0,0,0,0,0,0,39,33,0,0,9,0,0,0,0,1,0,0,26,0,0,13,48,0,0,0,0,0,0,271,3,9,284
2021-09-15,16,0,16,0,0,0,0,0,8,0,14,22,11,0,0,0,0,0,18,0,8,0,0,0,0,0,0,0,0,0,0,0,0,0,17,17,0,0,16,0,0,0,0,0,0,0,14,0,0,1,77,0,0,0,0,0,0,231,8,16,255
2021-09-16,16,0,22,0,0,0,0,0,3,0,6,12,11,0,0,0,0,0,36,0,0,0,0,0,0,0,0,0,0,0,0,0,0,0,25,17,0,0,4,0,0,0,0,0,0,0,8,0,0,5,64,0,0,0,0,0,0,225,0,4,229
2021-09-17,18,0,20,0,0,0,0,0,5,1,12,15,14,0,0,0,0,0,9,0,2,0,0,0,0,0,0,0,0,0,0,0,0,0,12,13,0,0,6,0,0,2,0,0,0,0,12,0,0,7,37,0,0,0,0,0,0,174,2,6,185
2021-09-18,14,0,13,0,0,1,0,0,5,0,6,12,17,0,0,0,1,1,16,0,1,0,0,0,0,0,0,0,0,0,0,0,0,0,12,16,0,0,6,0,0,0,0,0,0,0,8,0,0,12,32,0,0,0,0,0,0,163,1,7,173
2021-09-19,9,0,10,0,0,0,0,0,2,0,3,7,5,0,0,0,0,0,6,0,0,0,0,0,0,0,0,0,0,0,0,0,1,0,6,9,0,0,3,0,0,0,0,0,0,0,7,0,0,5,37,0,0,0,0,0,0,106,0,3,110
2021-09-20,8,0,5,0,0,0,0,0,2,0,3,5,2,0,0,0,0,0,6,0,2,0,0,0,0,0,0,0,0,0,0,0,0,0,4,6,0,0,2,0,0,0,0,0,0,0,2,0,0,2,31,0,0,0,0,0,0,76,2,2,80
2021-09-21,3,0,1,0,0,0,0,0,7,0,2,3,4,0,0,0,0,0,4,0,0,0,0,0,0,0,0,0,0,0,0,0,0,0,5,5,0,0,0,0,0,0,0,0,0,0,4,0,0,3,14,0,0,0,0,0,0,55,0,0,55
2021-09-22,7,0,14,0,0,0,0,0,3,0,8,14,10,0,0,0,0,0,14,0,7,0,0,0,0,0,0,0,0,0,0,0,0,0,12,10,0,0,1,0,0,0,0,0,0,0,6,0,0,10,46,0,0,0,0,0,0,154,7,1,162
2021-09-23,7,0,10,0,0,0,0,0,2,0,2,12,6,0,0,0,0,0,10,0,4,0,0,0,0,0,0,0,0,0,0,0,0,0,14,20,0,0,3,0,0,0,0,0,0,0,7,0,0,12,32,0,0,0,0,0,0,134,4,3,141
2021-09-24,8,0,3,0,0,0,0,0,2,0,3,5,1,0,0,0,0,0,4,0,1,0,0,0,0,0,0,0,0,0,0,0,0,0,1,9,0,0,1,0,0,0,0,0,0,0,1,0,0,3,19,0,0,0,0,0,0,59,1,1,61
2021-09-25,9,0,8,0,0,0,0,0,1,0,3,7,5,0,0,0,0,0,8,0,0,0,0,0,0,0,0,0,0,0,0,0,0,0,11,20,0,0,1,0,0,0,0,0,0,0,8,0,0,9,25,0,0,0,0,0,0,114,0,1,115
2021-09-26,2,0,3,0,0,0,0,0,4,0,3,4,3,0,0,0,0,0,7,0,1,0,0,0,0,0,0,0,0,0,0,0,0,0,7,9,0,0,0,0,0,0,0,0,0,0,4,0,0,2,22,0,0,0,0,0,0,70,1,0,71
2021-09-27,2,0,1,0,0,0,0,0,0,0,3,3,0,0,0,0,0,0,5,0,2,0,0,0,0,0,0,0,0,0,0,0,0,0,4,9,0,0,0,0,0,0,0,0,0,0,2,0,0,2,7,0,0,0,0,0,0,38,2,0,40
2021-09-28,4,0,5,0,0,0,0,0,0,0,1,7,5,0,0,0,0,0,6,0,2,0,0,0,0,0,0,0,0,0,0,0,0,0,8,3,0,0,2,0,0,0,0,1,0,0,1,0,0,3,9,0,0,0,0,0,0,52,2,2,57
2021-09-29,3,0,2,0,0,0,0,0,1,0,1,6,3,0,0,0,0,0,10,0,0,0,0,0,0,0,0,0,0,0,0,0,0,0,10,8,0,0,5,0,0,0,0,0,0,0,1,0,0,1,18,0,0,0,0,0,0,64,0,5,69
2021-09-30,0,0,5,0,0,0,0,0,0,0,3,1,9,0,0,0,0,0,8,0,6,0,0,0,0,0,0,0,0,0,0,0,0,0,12,3,0,0,2,0,0,0,0,0,0,0,2,0,0,4,9,0,0,0,0,0,0,56,6,2,64
2021-10-01,4,0,3,0,0,0,0,0,3,0,1,7,1,0,0,0,0,0,4,0,1,0,0,0,0,0,0,0,0,0,0,0,0,0,5,1,0,0,1,0,0,0,0,0,0,0,1,0,0,1,8,0,0,0,0,0,0,39,1,1,41
2021-10-02,3,0,1,0,0,0,0,0,1,0,1,0,4,0,0,0,0,0,9,0,0,0,0,0,0,0,0,0,0,0,0,0,0,0,5,8,0,0,0,0,0,0,0,0,0,0,1,0,0,2,8,0,0,0,0,0,0,43,0,0,43
2021-10-03,0,0,4,0,0,0,0,0,0,0,0,2,0,0,0,0,1,0,0,0,5,0,0,0,0,0,0,0,0,0,0,0,0,0,5,2,0,0,0,0,0,0,0,0,0,0,4,0,0,2,4,0,0,0,0,0,0,23,5,0,29
2021-10-04,0,0,0,0,0,0,0,0,2,0,0,0,2,0,0,0,0,0,1,0,0,0,0,0,0,0,0,0,0,0,0,0,0,0,0,0,0,0,0,0,0,0,0,0,0,0,0,0,0,2,2,0,0,0,0,0,0,9,0,0,9
2021-10-05,2,0,2,0,0,0,0,0,0,0,0,0,1,0,0,0,0,0,7,0,1,0,0,0,0,0,0,0,0,0,0,0,0,0,4,2,0,0,4,0,2,0,0,0,0,0,2,0,0,3,8,0,0,0,0,0,0,31,1,4,38
2021-10-06,3,0,4,0,0,0,0,0,0,0,1,2,0,0,0,0,0,0,2,0,0,0,0,0,0,0,0,0,0,0,0,0,0,0,3,6,0,0,3,0,0,0,0,0,0,0,0,0,0,1,5,0,0,0,0,0,0,27,0,3,30
2021-10-07,1,0,1,0,0,0,0,0,1,0,0,0,1,0,0,0,0,0,2,0,0,0,0,0,0,0,0,0,0,0,0,0,0,0,0,2,0,0,1,0,0,0,0,0,0,0,0,0,0,2,5,0,0,0,0,0,0,15,0,1,16
2021-10-08,3,0,3,0,0,0,0,0,0,0,1,0,2,0,0,0,0,0,5,0,0,0,0,0,0,0,0,0,0,0,0,0,0,0,0,7,0,0,0,0,0,0,0,0,0,0,1,0,0,0,7,0,0,0,0,0,0,29,0,0,29
2021-10-09,0,0,2,0,0,0,0,0,0,0,0,2,1,0,0,0,0,0,2,0,0,0,0,0,0,0,0,0,0,0,0,0,0,0,1,2,0,0,0,0,0,0,0,0,0,0,1,0,0,0,4,0,0,0,0,0,0,15,0,0,15
2021-10-10,2,0,1,0,0,0,0,0,0,0,0,1,0,0,0,0,0,0,0,0,0,0,0,0,0,0,0,0,0,0,0,0,0,0,1,7,0,0,1,0,0,0,0,0,0,0,0,0,0,1,0,0,0,0,0,0,0,13,0,1,14
2021-10-11,0,0,0,0,0,0,0,0,0,0,0,0,0,0,0,0,0,0,2,0,0,0,0,0,0,0,0,0,0,0,0,0,0,0,0,1,0,0,1,0,0,0,0,0,0,0,0,0,0,0,3,0,0,0,0,0,0,6,0,1,7
2021-10-12,0,0,1,0,0,0,0,0,0,0,0,5,2,0,0,0,0,0,1,0,0,0,0,0,0,0,0,0,0,0,0,0,0,0,0,6,0,0,4,0,0,0,0,0,0,0,3,0,0,2,5,0,0,0,0,0,0,25,0,4,29
2021-10-13,3,0,0,0,0,0,0,0,0,0,0,1,0,0,0,0,0,0,1,0,0,0,0,0,0,0,0,0,0,0,0,0,0,0,0,10,0,0,1,0,0,0,0,0,0,0,1,0,0,1,14,0,0,0,0,0,0,31,0,1,32
2021-10-14,2,0,0,0,0,1,0,0,0,0,0,2,0,0,0,0,0,0,3,0,0,0,0,0,0,0,0,0,0,0,0,0,0,0,2,4,0,0,6,0,0,0,0,0,0,0,0,0,0,1,12,0,0,0,0,0,0,26,0,7,33
2021-10-15,1,0,2,0,0,0,0,0,0,0,0,1,0,0,0,0,0,0,3,0,2,0,0,0,0,0,0,0,0,0,0,0,0,0,3,4,0,0,1,0,0,0,0,0,0,0,0,0,0,1,13,0,0,0,0,0,0,28,2,1,31
2021-10-16,1,0,1,0,0,0,0,0,0,0,0,1,0,0,0,0,0,0,3,0,1,0,0,0,0,0,0,0,0,0,0,0,0,0,3,4,0,0,1,0,0,0,0,0,0,0,1,0,0,1,8,0,0,0,0,0,0,23,1,1,25
2021-10-17,0,0,0,0,0,0,0,0,0,0,0,0,0,0,0,0,0,0,0,0,0,0,0,0,0,0,0,0,0,0,0,0,0,0,2,1,0,0,1,0,0,0,0,0,0,0,0,0,0,0,3,0,0,0,0,0,0,6,0,1,7
2021-10-18,1,0,0,0,0,0,0,0,0,0,0,1,0,0,0,0,0,0,0,0,0,0,0,0,0,0,0,0,0,0,0,0,0,0,0,2,0,0,2,0,0,0,0,0,0,0,0,0,0,0,10,0,0,0,0,0,0,14,0,2,16
2021-10-19,0,0,2,0,0,0,0,0,0,0,4,1,0,0,0,0,0,0,0,0,2,0,0,0,0,0,0,0,0,0,0,0,0,0,1,1,0,0,15,0,0,0,0,0,0,0,1,0,0,0,2,0,0,0,0,0,0,12,2,15,29
2021-10-20,1,0,0,0,0,0,0,0,0,0,0,0,0,0,0,0,0,0,2,0,0,0,0,0,0,0,0,0,0,0,0,0,0,0,0,1,0,0,7,0,0,0,0,0,0,0,0,0,0,0,9,0,0,0,0,0,0,13,0,7,20
2021-10-21,1,0,1,0,0,0,0,0,0,0,1,1,0,0,0,0,0,0,2,0,0,0,0,0,0,0,0,0,0,0,0,0,0,0,0,3,0,0,5,0,0,0,0,0,0,0,0,0,0,0,4,0,0,0,0,0,0,13,0,5,18
2021-10-22,1,0,0,0,0,0,0,0,0,0,1,1,0,0,0,0,0,0,0,0,0,0,0,0,0,0,0,0,0,0,0,0,0,0,0,2,0,0,5,0,0,0,0,0,0,0,0,0,0,1,3,0,0,0,0,0,0,9,0,5,14
2021-10-23,0,0,0,0,0,0,0,0,0,0,0,0,0,0,0,0,0,0,1,0,0,0,0,0,0,0,0,0,0,0,0,0,0,0,0,1,0,0,2,0,0,0,0,0,0,0,3,0,0,0,2,0,0,0,0,0,0,7,0,2,9
2021-10-24,1,0,3,0,0,1,0,0,0,0,0,0,0,0,0,0,0,0,0,0,0,0,0,0,0,0,0,0,0,0,0,0,0,0,1,0,0,0,4,0,0,0,0,0,0,0,1,0,0,0,2,0,0,0,0,0,0,8,0,5,13
2021-10-25,0,0,1,0,0,0,0,0,0,0,0,0,0,0,0,0,0,0,1,0,1,0,0,0,0,0,0,0,0,0,0,0,0,0,0,1,0,0,0,0,0,0,0,0,0,0,0,0,0,0,1,0,0,0,0,0,0,4,1,0,5
2021-10-26,0,0,1,0,0,0,0,0,0,0,0,0,0,0,0,0,0,0,0,0,1,0,0,0,0,0,0,0,0,0,0,0,0,0,1,2,0,0,4,0,0,0,0,0,0,0,1,0,0,1,1,0,0,0,0,0,0,7,1,4,12
2021-10-27,0,0,3,0,0,0,0,0,0,0,0,0,0,0,0,0,0,0,3,0,0,0,0,0,0,0,0,0,0,0,0,0,0,0,2,6,0,0,1,0,0,0,0,0,0,0,0,0,0,0,3,0,0,0,0,0,0,17,0,1,18
2021-10-28,3,0,2,0,0,0,0,0,0,0,0,0,0,0,0,0,0,0,0,0,0,0,0,0,0,0,0,0,0,0,0,0,0,0,0,3,0,0,0,0,0,0,0,0,0,0,0,0,0,1,0,0,0,0,0,0,0,9,0,0,9
2021-10-29,1,0,0,0,0,0,0,0,0,0,0,1,1,0,0,0,0,0,0,0,0,0,0,0,0,0,0,0,0,0,0,0,0,0,0,0,0,0,1,0,0,0,0,0,0,0,0,0,0,0,2,0,0,0,0,0,0,5,0,1,6
2021-10-30,1,0,0,0,0,0,0,0,0,0,0,0,0,0,0,0,0,0,1,0,1,0,0,0,0,0,0,0,0,0,0,0,0,0,0,5,0,0,0,0,0,0,0,0,0,0,0,0,0,0,3,0,0,0,0,0,0,10,1,0,11
2021-10-31,0,0,0,0,0,0,0,0,0,0,0,0,0,0,0,0,0,0,0,0,0,0,0,0,0,0,0,0,0,0,0,0,0,0,0,0,0,0,0,0,0,0,0,0,0,0,0,0,0,0,2,0,0,0,0,0,0,2,0,0,2
2021-11-01,1,0,0,0,0,0,0,0,0,0,0,0,0,0,0,0,0,0,0,0,0,0,0,0,0,0,0,0,0,0,0,0,0,0,0,0,0,0,0,0,0,0,0,0,0,0,0,0,0,0,0,0,0,0,0,0,0,1,0,0,1
2021-11-02,2,0,0,0,0,0,0,0,0,0,0,1,0,0,0,0,0,0,4,0,0,0,0,0,0,0,0,0,0,0,0,0,0,0,0,2,0,0,0,0,0,0,0,0,0,0,0,0,0,0,2,0,0,0,0,0,0,11,0,0,11
2021-11-03,3,0,0,0,0,0,0,0,0,0,0,1,0,0,0,0,0,0,0,0,0,0,0,0,0,0,0,0,0,0,0,0,0,0,0,0,0,0,0,0,0,0,0,0,0,0,0,0,0,0,2,0,0,0,0,0,0,6,0,0,6
2021-11-04,6,0,0,0,0,0,0,0,0,0,0,0,0,0,0,0,0,0,0,0,0,0,0,0,0,0,0,0,0,0,0,0,0,0,0,0,0,0,0,0,0,0,0,0,0,0,0,0,0,0,2,0,0,0,0,0,0,8,0,0,8
2021-11-05,5,0,1,0,0,0,0,0,0,0,0,4,1,0,0,0,0,0,1,0,0,0,0,0,0,0,0,0,0,0,0,0,0,0,0,2,0,0,0,0,0,0,0,0,0,0,0,0,0,0,1,0,0,0,0,0,0,15,0,0,15
2021-11-06,2,0,0,0,0,0,0,0,0,0,0,0,0,0,0,0,0,0,1,0,0,0,0,0,0,0,0,0,0,0,0,0,0,0,0,0,0,0,0,0,0,0,0,0,0,0,0,0,0,0,0,0,0,0,0,0,0,3,0,0,3
2021-11-07,1,0,1,0,0,0,0,0,0,0,0,2,0,0,0,0,0,0,0,0,0,0,0,0,0,0,0,0,0,0,0,0,0,0,0,0,0,0,0,0,0,0,0,0,0,0,0,0,0,0,0,0,0,0,0,0,0,4,0,0,4
2021-11-08,1,0,0,0,0,0,0,0,0,0,0,1,0,0,0,0,0,0,0,0,0,0,0,0,0,0,0,0,0,0,0,0,0,0,0,0,0,0,0,0,0,0,0,0,0,0,0,0,0,0,0,0,0,0,0,0,0,2,0,0,2
2021-11-09,1,0,0,0,0,0,0,0,0,0,1,0,0,0,0,0,0,0,0,0,0,0,0,0,0,0,0,0,0,0,0,0,0,0,0,1,0,0,0,0,0,0,0,0,0,0,0,0,0,1,0,0,0,0,0,0,0,4,0,0,4
2021-11-10,2,0,1,0,0,0,0,0,0,0,0,1,0,0,0,0,0,0,1,0,0,0,0,0,0,0,0,0,0,0,0,0,0,0,0,0,0,0,0,0,0,0,0,0,0,0,0,0,0,0,0,0,0,0,0,0,0,5,0,0,5
2021-11-11,0,0,1,0,0,0,0,0,0,0,0,0,0,0,0,0,0,0,0,0,1,0,0,0,0,0,0,0,0,0,0,0,0,0,1,0,0,0,0,0,0,0,0,0,0,0,0,0,0,0,0,0,0,0,0,0,0,2,1,0,3
2021-11-12,0,0,0,0,0,0,0,0,0,0,0,0,0,0,0,0,0,0,0,0,0,0,0,0,0,0,0,0,0,0,0,0,0,0,2,0,0,0,0,0,0,0,0,0,0,0,0,0,0,1,0,0,0,0,0,0,0,3,0,0,3
2021-11-13,1,0,0,0,0,0,0,0,0,0,0,0,0,0,0,0,0,0,0,0,0,0,0,0,0,0,0,0,0,0,0,0,0,0,0,0,0,0,0,0,0,0,0,0,0,0,0,0,0,0,0,0,0,0,0,0,0,1,0,0,1
2021-11-14,0,0,0,0,0,0,0,0,0,0,0,0,0,0,0,0,0,0,1,0,0,0,0,0,0,0,0,0,0,0,0,0,0,0,0,0,0,0,0,0,0,0,0,0,0,0,0,0,0,0,0,0,0,0,0,0,0,1,0,0,1
2021-11-15,0,0,0,0,0,0,0,0,0,0,0,0,0,0,0,0,0,0,0,0,0,0,0,0,0,0,0,0,0,0,0,0,0,0,0,0,0,0,0,0,0,0,0,0,0,0,0,0,0,0,0,0,0,0,0,0,0,0,0,0,0
2021-11-16,0,0,0,0,0,0,0,0,0,0,0,0,0,0,0,0,0,0,0,0,0,0,0,0,0,0,0,0,0,0,0,0,0,0,0,0,0,0,0,0,0,0,0,0,0,0,0,0,0,3,0,0,0,0,0,0,0,3,0,0,3
2021-11-17,0,0,0,0,0,0,0,0,0,0,0,0,0,0,0,0,0,0,0,0,0,0,0,0,0,0,0,0,0,0,0,0,0,0,0,0,0,0,0,0,0,0,0,0,0,0,0,0,0,0,0,0,0,0,0,0,0,0,0,0,0
2021-11-18,0,0,0,0,0,0,0,0,0,0,0,0,0,0,0,0,0,0,0,0,0,0,0,0,0,0,0,0,0,0,0,0,0,0,0,0,0,0,0,0,0,0,0,0,0,0,0,0,0,0,0,0,0,0,0,0,0,0,0,0,0
2021-11-19,0,0,0,0,0,0,0,0,0,0,0,0,0,0,0,0,0,0,1,0,0,0,0,0,0,0,0,0,0,0,0,0,0,0,0,0,0,0,0,0,0,0,0,0,0,0,0,0,0,0,1,0,0,0,0,0,0,2,0,0,2
2021-11-20,0,0,0,0,0,0,0,0,0,0,0,0,0,0,0,0,0,0,0,0,0,0,0,0,0,0,0,0,0,0,0,0,0,0,1,0,0,0,0,0,0,0,0,0,0,0,0,0,0,0,0,0,0,0,0,0,0,1,0,0,1
2021-11-21,0,0,0,0,0,0,0,0,0,0,0,0,0,0,0,0,0,0,0,0,0,0,0,0,0,0,0,0,0,0,0,0,0,0,0,0,0,0,0,0,0,0,0,0,0,0,0,0,0,0,0,0,0,0,0,0,0,0,0,0,0
2021-11-22,0,0,0,0,0,0,0,0,0,0,0,0,0,0,0,0,0,0,0,0,0,0,0,0,0,0,0,0,0,0,0,0,0,0,1,0,0,0,0,0,0,0,0,0,0,0,0,0,0,1,0,0,0,0,0,0,0,2,0,0,2
2021-11-23,0,0,0,0,0,0,0,0,0,0,0,0,0,0,0,0,0,0,0,0,0,0,0,0,0,0,0,0,0,0,0,0,0,0,2,0,0,0,0,0,0,0,0,0,0,0,0,0,0,0,0,0,0,0,0,0,0,2,0,0,2
2021-11-24,0,0,0,0,0,0,0,0,0,0,0,0,0,0,0,0,0,0,0,0,0,0,0,0,0,0,0,0,0,0,0,0,0,0,0,0,0,0,0,0,0,0,0,0,0,0,0,0,0,0,0,0,0,0,0,0,0,0,0,0,0
2021-11-25,0,0,0,0,0,0,0,0,0,0,0,0,0,0,0,0,0,0,1,0,0,0,0,0,0,0,0,0,0,0,0,0,0,0,1,0,0,0,0,0,0,0,0,0,0,0,0,0,0,0,0,0,0,0,0,0,0,2,0,0,2
2021-11-26,0,0,0,0,0,0,0,0,0,0,0,0,0,0,0,0,0,0,1,0,0,0,0,0,0,0,0,0,0,0,0,0,0,0,0,0,0,0,0,0,0,0,0,0,0,0,0,0,0,1,1,0,0,0,0,0,0,3,0,0,3
2021-11-27,0,0,1,0,0,0,0,0,0,0,0,0,0,0,0,0,0,0,1,0,0,0,0,0,0,0,0,0,0,0,0,0,0,0,0,0,0,0,0,0,0,0,0,0,0,0,0,0,0,0,0,0,0,0,0,0,0,2,0,0,2
2021-11-28,0,0,1,0,0,0,0,0,0,0,0,0,0,0,0,0,0,0,0,0,0,0,0,0,0,0,0,0,0,0,0,0,0,0,0,0,0,0,0,0,0,0,0,0,0,0,0,0,0,0,0,0,0,0,0,0,0,1,0,0,1
2021-11-29,0,0,0,0,0,0,0,0,0,0,0,0,0,0,0,0,0,0,1,0,0,0,0,0,0,0,0,0,0,0,0,0,0,0,0,0,0,0,0,0,0,0,0,0,0,0,0,0,0,0,0,0,0,0,0,0,0,1,0,0,1
2021-11-30,0,0,0,0,0,0,0,0,0,0,0,0,0,0,0,0,0,0,0,0,0,0,0,0,0,0,0,0,0,0,0,0,0,0,0,1,0,0,0,0,0,0,0,0,0,0,2,0,0,0,0,0,0,0,0,0,0,3,0,0,3
2021-12-01,0,0,0,0,0,0,0,0,0,0,0,0,0,0,0,0,0,0,0,0,0,0,0,0,0,0,0,0,0,0,0,0,0,0,0,1,0,0,0,0,0,0,0,0,0,0,0,0,0,0,0,0,0,0,0,0,0,1,0,0,1
2021-12-02,0,0,2,0,0,0,0,0,0,0,0,0,0,0,0,0,0,0,0,0,0,0,0,0,0,0,0,0,0,0,0,0,0,0,0,0,0,0,0,0,0,0,0,0,0,0,0,0,0,0,0,0,0,0,0,0,0,2,0,0,2
2021-12-03,0,0,1,0,0,0,0,0,2,0,0,0,0,0,0,0,0,0,1,0,0,0,0,0,0,0,0,0,0,0,0,0,0,0,0,1,0,0,0,0,0,0,0,0,0,0,0,0,0,0,0,0,0,0,0,0,0,5,0,0,5
2021-12-04,0,0,1,0,0,0,0,0,1,0,0,0,0,0,0,0,0,0,1,0,0,0,0,0,0,0,0,0,0,0,0,0,0,0,1,0,0,0,0,0,0,0,0,0,0,0,0,0,0,0,0,0,0,0,0,0,0,4,0,0,4
2021-12-05,0,0,3,0,0,0,0,0,0,0,0,0,0,0,0,0,0,0,1,0,0,0,0,0,0,0,0,0,0,0,0,0,0,0,0,0,0,0,0,0,0,0,0,0,0,0,1,0,0,0,0,0,0,0,0,0,0,5,0,0,5
2021-12-06,0,0,0,0,0,0,0,0,0,0,0,0,0,0,0,0,0,0,4,0,0,0,0,0,0,0,0,0,0,0,0,0,0,0,0,0,0,0,0,0,0,0,0,0,0,0,0,0,0,0,0,0,0,0,0,0,0,4,0,0,4
2021-12-07,0,0,1,0,0,0,0,0,1,0,0,0,0,0,0,0,0,0,1,0,0,0,0,0,0,0,0,0,0,0,0,0,0,0,0,0,0,0,0,0,0,0,0,0,0,0,0,0,0,0,0,0,0,0,0,0,0,3,0,0,3
2021-12-08,0,0,0,0,0,0,0,0,1,0,0,0,0,0,0,0,0,0,1,0,0,0,0,0,0,0,0,0,0,0,0,0,0,0,0,0,0,0,0,0,0,0,0,0,0,0,0,0,0,0,0,0,0,0,0,0,0,2,0,0,2
2021-12-09,0,0,0,0,0,0,0,0,0,0,0,0,0,0,0,0,0,0,0,0,0,0,0,0,0,0,0,0,0,0,0,0,0,0,0,0,0,0,0,0,0,0,0,0,0,0,0,0,0,0,0,0,0,0,0,0,0,0,0,0,0
2021-12-10,0,0,1,0,0,0,0,0,0,0,0,0,0,0,0,0,0,0,3,0,0,0,0,0,0,0,0,0,0,0,0,0,0,0,0,0,0,0,0,0,0,0,0,0,0,0,0,0,0,0,0,0,0,0,0,0,0,4,0,0,4
2021-12-11,0,0,1,0,0,0,0,0,0,0,0,0,0,0,0,0,0,0,4,0,0,0,0,0,0,0,0,0,0,0,0,0,0,0,1,0,0,0,0,0,0,0,0,0,0,0,0,0,0,0,0,0,0,0,0,0,0,6,0,0,6
2021-12-12,0,0,1,0,0,0,0,0,2,0,0,0,0,0,0,0,0,0,2,0,0,0,0,0,0,0,0,0,0,0,0,0,0,0,0,0,0,0,0,0,0,0,0,0,0,0,0,0,0,0,0,0,0,0,0,0,0,5,0,0,5
2021-12-13,0,0,1,0,0,0,0,0,0,0,0,0,0,0,0,0,0,0,0,0,0,0,0,0,0,0,0,0,0,0,0,0,0,0,0,0,0,0,0,0,0,0,0,0,0,0,0,0,0,0,0,0,0,0,0,0,0,1,0,0,1
2021-12-14,0,0,1,0,0,0,0,0,1,0,0,0,0,0,0,0,0,0,0,0,0,0,0,0,0,0,0,0,0,0,0,0,0,0,0,1,0,0,0,0,0,0,0,0,0,0,0,0,0,0,1,0,0,0,0,0,0,4,0,0,4
2021-12-15,0,0,0,0,0,0,0,0,1,0,0,0,0,0,0,0,0,0,2,0,0,0,0,0,0,0,0,0,0,0,0,0,0,0,0,0,0,0,0,0,0,0,0,0,0,0,0,0,0,0,1,0,0,0,0,0,0,4,0,0,4
2021-12-16,2,0,3,0,0,0,0,0,1,0,0,0,0,0,0,0,0,0,0,0,0,0,0,0,0,0,0,0,0,0,0,0,0,0,0,0,0,0,0,0,0,0,0,0,0,0,0,0,0,0,0,0,0,0,0,0,0,6,0,0,6
2021-12-17,0,0,0,0,0,0,0,0,1,0,0,0,0,0,0,0,0,0,0,0,0,0,0,0,0,0,0,0,0,0,0,0,0,0,0,0,0,0,0,0,0,0,0,0,0,0,0,0,0,0,0,0,0,0,0,0,0,1,0,0,1
2021-12-18,2,0,0,0,0,0,0,0,3,0,0,0,0,0,0,0,0,0,1,0,0,0,0,0,0,0,0,0,0,0,0,0,0,0,0,0,0,0,0,0,0,0,0,0,0,0,0,0,0,0,0,0,0,0,0,0,0,6,0,0,6
2021-12-19,0,0,1,0,0,0,0,0,0,0,1,0,1,0,0,0,0,0,0,0,0,0,0,0,0,0,0,0,0,0,0,0,0,0,0,0,0,0,0,0,0,0,0,0,0,0,0,0,0,0,0,0,0,0,0,0,0,3,0,0,3
2021-12-20,0,0,1,0,0,0,0,0,0,0,0,0,1,0,0,0,0,0,0,0,0,0,0,0,0,0,0,0,0,0,0,0,0,0,0,0,0,0,0,0,0,0,0,0,0,0,0,0,0,0,0,0,0,0,0,0,0,2,0,0,2
2021-12-21,1,0,0,0,0,0,0,0,5,0,1,0,1,0,0,0,0,0,0,0,0,0,0,0,0,0,0,0,0,0,0,0,0,0,3,0,0,0,0,0,0,0,0,0,0,0,0,0,0,0,0,0,0,0,0,0,0,11,0,0,11
2021-12-22,2,0,1,0,0,0,0,0,2,0,0,0,1,0,0,0,0,0,0,0,0,0,0,0,0,0,0,0,0,0,0,0,0,0,0,0,0,0,0,0,0,0,0,0,0,0,0,0,0,0,0,0,0,0,0,0,0,6,0,0,6
2021-12-23,4,0,0,0,0,0,0,0,12,0,0,0,5,0,0,0,0,0,0,0,0,0,0,0,0,0,0,0,0,0,0,0,0,0,1,0,0,0,0,0,0,0,0,0,0,0,0,0,0,1,2,0,0,0,0,0,0,25,0,0,25
2021-12-24,1,0,1,0,0,0,0,0,24,0,0,0,4,0,0,0,0,0,0,0,0,0,0,0,0,0,0,0,0,0,0,0,0,0,2,0,0,0,0,0,0,0,0,0,0,0,0,0,0,1,0,0,0,0,0,0,0,33,0,0,33
2021-12-25,0,0,0,0,0,0,0,0,0,0,0,0,0,0,0,0,0,0,0,0,0,0,0,0,0,0,0,0,0,0,0,0,0,0,0,0,0,0,0,0,0,0,0,0,0,0,0,0,0,0,0,0,0,0,0,0,0,0,0,0,0
2021-12-26,3,0,1,0,0,0,0,0,10,0,0,0,2,0,0,0,0,0,1,0,0,0,0,0,0,0,0,0,0,0,0,0,0,0,2,1,0,0,0,0,0,0,0,0,0,0,0,0,0,0,1,0,0,0,0,0,0,21,0,0,21
2021-12-27,0,0,0,0,0,0,0,0,1,0,0,0,1,0,0,0,0,0,1,0,0,0,0,0,0,0,0,0,0,0,0,0,0,0,1,1,0,0,0,0,0,0,0,0,0,0,0,0,0,0,0,0,0,0,0,0,0,5,0,0,5
2021-12-28,3,0,3,0,0,0,0,0,6,0,0,0,0,0,0,0,0,0,4,0,0,0,0,0,0,0,0,0,0,0,0,0,0,0,6,4,0,0,0,0,0,0,0,0,0,0,1,0,0,0,2,0,0,0,0,0,0,29,0,0,29
2021-12-29,7,0,6,0,0,0,0,0,3,0,0,0,0,0,0,0,0,0,3,0,1,0,0,0,0,0,0,0,0,0,0,0,0,0,4,0,0,0,0,0,0,0,0,0,0,0,0,0,0,0,2,0,0,0,0,0,0,25,1,0,26
2021-12-30,10,0,12,0,0,0,0,0,6,0,1,1,2,0,0,0,0,0,1,0,0,0,0,0,0,0,0,0,0,0,0,0,0,0,8,3,0,0,0,0,0,0,0,0,0,0,0,0,0,1,6,0,0,0,0,0,0,51,0,0,51
2021-12-31,8,0,9,0,0,0,0,0,4,0,2,6,0,0,0,0,0,0,4,0,2,0,0,0,0,0,0,0,0,0,0,0,0,0,5,1,0,0,0,0,0,0,0,0,0,0,0,0,0,2,1,0,0,0,0,0,0,42,2,0,44
2022-01-01,2,0,2,0,0,0,0,0,4,0,3,1,8,0,0,0,0,0,2,0,3,0,0,0,0,0,0,0,0,0,0,0,0,0,12,4,0,0,1,0,0,0,0,0,0,0,1,0,0,2,7,0,0,0,0,0,0,48,3,1,52
2022-01-02,5,0,8,0,0,0,0,0,0,0,0,2,4,0,0,0,0,0,3,0,6,0,0,0,0,0,0,0,0,1,0,0,0,0,9,2,0,0,1,0,0,0,0,0,0,0,0,0,0,3,7,0,0,0,0,0,0,43,6,1,51
2022-01-03,6,0,18,0,0,0,0,0,2,0,3,11,13,0,0,0,0,0,8,0,15,0,0,0,0,0,0,0,0,0,0,0,0,0,12,5,0,0,0,0,0,0,0,0,0,0,3,0,0,8,26,0,0,0,0,0,0,115,15,0,130
2022-01-04,16,0,20,0,0,0,0,0,5,0,3,12,35,0,1,0,2,0,10,0,29,0,0,0,0,0,0,0,0,0,0,0,1,0,16,13,0,0,2,0,0,0,0,0,0,0,5,0,0,17,38,0,0,0,0,0,0,190,29,2,225
2022-01-05,52,0,61,0,0,0,1,0,11,2,16,50,57,0,0,0,2,0,36,0,41,0,0,0,0,2,0,0,0,0,3,1,6,0,37,51,0,0,14,1,1,2,0,0,0,0,31,0,0,31,112,2,0,0,0,0,0,545,41,14,623
2022-01-06,51,0,108,0,0,0,2,0,29,0,19,85,77,0,0,0,3,0,45,0,68,0,0,0,1,0,0,0,0,0,0,0,3,0,65,92,1,1,14,0,4,3,0,2,0,0,29,0,0,56,223,0,0,0,0,0,0,879,68,14,981
2022-01-07,66,0,152,2,0,0,0,0,22,1,40,95,140,0,1,0,1,0,79,0,110,0,0,0,0,0,0,0,0,1,1,1,5,0,112,104,0,1,28,0,4,3,0,1,0,0,60,0,0,55,325,1,1,0,2,0,0,1250,110,28,1414
2022-01-08,88,1,148,0,1,0,0,0,53,3,63,147,124,0,1,0,0,0,110,0,133,0,0,0,0,0,0,0,0,0,0,0,5,0,144,180,0,0,37,0,2,3,0,2,1,0,50,1,0,62,400,0,0,0,0,0,0,1569,133,37,1759
2022-01-09,101,2,152,0,0,0,0,0,24,3,24,161,95,0,3,0,2,0,92,0,110,0,0,0,0,0,0,2,0,0,0,0,9,0,142,147,1,0,31,0,5,0,0,5,0,0,49,0,0,67,305,0,1,0,0,0,0,1359,110,31,1533
2022-01-10,24,0,86,0,0,0,1,1,39,1,30,66,78,0,0,0,0,0,24,0,56,0,0,0,0,0,0,0,0,0,1,0,4,0,37,40,0,0,21,0,4,0,0,1,0,0,21,0,0,27,217,0,0,0,0,0,0,689,56,21,779
2022-01-11,31,0,51,0,0,1,0,0,17,2,18,68,44,0,1,1,2,0,50,0,48,1,0,0,0,0,0,0,0,0,1,0,1,0,51,69,0,0,11,1,0,0,0,0,0,0,16,0,0,35,255,0,0,0,0,0,0,705,48,12,775
2022-01-12,101,0,115,1,0,1,0,0,40,1,38,106,123,0,1,0,3,0,116,0,83,1,0,0,0,0,0,0,0,0,2,0,1,1,159,169,0,0,12,0,4,3,1,0,0,0,95,1,0,90,376,0,0,0,0,0,0,1528,83,13,1644
